Analysis Time,Product Name,Product Code,Sample Type,Sample Number,Sample Comment,Instrument Name,Instrument Serial Number,Moisture,Standard Deviation Moisture,Min Moisture,Max Moisture,Residual Moisture,Leverage Moisture,Ref Moisture,TW,Ref TW,Oil0%,Standard Deviation Oil0%,Min Oil0%,Max Oil0%,Residual Oil0%,Leverage Oil0%,Ref Oil0%
10/18/2024 2:17:09 PM,Rapeseed I,60073681 RA,Normal,CE257_GP_2024_SC_Gr,,Infratec,91915904,5.33,0.129,5.119,5.575,0,0,,,,45.29,0.403,44.457,45.871,0,0,
10/18/2024 2:18:59 PM,Rapeseed I,60073681 RA,Normal,CE279_GP_2024_SC_Gr,,Infratec,91915904,5.65,0.118,5.495,5.873,0,0,,,,47.6,0.692,46.339,48.56,0,0,
10/18/2024 2:21:04 PM,Rapeseed I,60073681 RA,Normal,CE276_GP_2024_SC_Gr,,Infratec,91915904,5.6,0.161,5.251,5.852,0,0,,,,48.13,0.641,47.163,49.233,0,0,
10/18/2024 2:22:32 PM,Rapeseed I,60073681 RA,Normal,CE286_GP_2024_SC_Gr,,Infratec,91915904,5.94,0.183,5.657,6.256,0,0,,,,50.28,0.701,49.274,51.097,0,0,
10/18/2024 2:24:45 PM,Rapeseed I,60073681 RA,Normal,CE261_GP_2024_SC_Gr,,Infratec,91915904,5.42,0.113,5.304,5.62,0,0,,,,48.55,0.754,47.325,49.846,0,0,
10/18/2024 2:26:33 PM,Rapeseed I,60073681 RA,Normal,CE263_GP_2024_SC_Gr,,Infratec,91915904,5.56,0.161,5.36,5.876,0,0,,,,45.63,0.514,44.849,46.419,0,0,
10/18/2024 2:28:05 PM,Rapeseed I,60073681 RA,Normal,CE256_GP_2024_SC_Gr,,Infratec,91915904,5.81,0.211,5.48,6.172,0,0,,,,47.74,0.721,46.677,49.134,0,0,
10/18/2024 2:30:34 PM,Rapeseed I,60073681 RA,Normal,CE252_GP_2024_SC_Gr,,Infratec,91915904,5.38,0.1,5.251,5.568,0,0,,,,40.64,0.644,39.168,41.484,0,0,
10/18/2024 2:33:42 PM,Rapeseed I,60073681 RA,Normal,CE281_GP_2024_SC_Gr,,Infratec,91915904,5.46,0.181,5.173,5.767,0,0,,,,45.94,0.482,45.105,46.589,0,0,
10/18/2024 2:35:28 PM,Rapeseed I,60073681 RA,Normal,CE278_GP_2024_SC_Gr,,Infratec,91915904,6.04,0.281,5.543,6.473,0,0,,,,46.06,1.036,45.038,48.536,0,0,
10/18/2024 2:36:58 PM,Rapeseed I,60073681 RA,Normal,CE258_GP_2024_SC_Gr,,Infratec,91915904,6,0.264,5.596,6.441,0,0,,,,46.16,0.891,44.51,47.392,0,0,
10/18/2024 2:38:25 PM,Rapeseed I,60073681 RA,Normal,CE280_GP_2024_SC_Gr,,Infratec,91915904,5.7,0.075,5.6,5.852,0,0,,,,48.05,0.589,46.986,49.188,0,0,
10/18/2024 2:39:50 PM,Rapeseed I,60073681 RA,Normal,CE255_GP_2024_SC_Gr,,Infratec,91915904,5.83,0.491,4.484,6.19,0,0,,,,45.64,1.172,43.546,46.85,0,0,
10/18/2024 2:41:28 PM,Rapeseed I,60073681 RA,Normal,CE259_GP_2024_SC_Gr,,Infratec,91915904,5.17,0.158,4.985,5.421,0,0,,,,47.68,0.785,45.819,48.451,0,0,
10/18/2024 2:43:26 PM,Rapeseed I,60073681 RA,Normal,CE260_GP_2024_SC_Gr,,Infratec,91915904,5.5,0.391,4.592,5.817,0,0,,,,47.61,0.488,46.878,48.421,0,0,
10/18/2024 2:45:12 PM,Rapeseed I,60073681 RA,Normal,CE283_GP_2024_SC_Gr,,Infratec,91915904,5.44,0.046,5.359,5.5,0,0,,,,46.56,0.416,45.715,47.051,0,0,
10/18/2024 2:46:50 PM,Rapeseed I,60073681 RA,Normal,CE262_GP_2024_SC_Gr,,Infratec,91915904,5.43,0.145,5.184,5.678,0,0,,,,46.82,0.552,46.024,47.585,0,0,
10/18/2024 2:48:19 PM,Rapeseed I,60073681 RA,Normal,CE285_GP_2024_SC_Gr,,Infratec,91915904,5.73,0.142,5.507,5.92,0,0,,,,50.8,0.604,49.396,51.441,0,0,
10/18/2024 2:49:51 PM,Rapeseed I,60073681 RA,Normal,CE253_GP_2024_SC_Gr,,Infratec,91915904,5.75,0.135,5.573,5.96,0,0,,,,39.64,0.782,38.959,41.553,0,0,
10/18/2024 2:51:32 PM,Rapeseed I,60073681 RA,Normal,CE284_GP_2024_SC_Gr,,Infratec,91915904,5.58,0.212,5.296,6.063,0,0,,,,42.38,0.711,40.654,43.204,0,0,
10/18/2024 2:53:02 PM,Rapeseed I,60073681 RA,Normal,CE282_GP_2024_SC_Gr,,Infratec,91915904,5.51,0.09,5.369,5.647,0,0,,,,46.79,0.584,45.803,48.001,0,0,
10/30/2024 8:52:51 AM,Rapeseed I,60073681 RA,Normal,,,Infratec,91915904,,,,,,,,,,,,,,,,
11/15/2024 1:35:19 PM,Rapeseed I,60073681 RA,Normal,CW535_GP_2024_SC_Gr,,Infratec,91915904,4.88,0.283,4.341,5.27,0,0,,,,49.97,0.816,48.247,50.946,0,0,
11/15/2024 1:37:23 PM,Rapeseed I,60073681 RA,Normal,CW522_GP_2024_SC_Gr,,Infratec,91915904,5.2,0.201,4.84,5.536,0,0,,,,50.9,0.424,50.298,51.758,0,0,
11/15/2024 1:39:27 PM,Rapeseed I,60073681 RA,Normal,CW458_GP_2024_SC_Gr,,Infratec,91915904,5.47,0.542,5.12,6.972,0,0,,,,44.8,0.832,42.914,45.87,0,0,
11/15/2024 1:40:53 PM,Rapeseed I,60073681 RA,Normal,CW482_GP_2024_SC_Gr,,Infratec,91915904,5.19,0.159,4.992,5.48,0,0,,,,49.02,0.368,48.402,49.614,0,0,
11/15/2024 2:23:49 PM,Rapeseed I,60073681 RA,Normal,CE79_GP_2024_SC_Gr,,Infratec,91915904,5.01,0.29,4.457,5.419,0,0,,,,48.68,0.687,47.373,49.832,0,0,
11/15/2024 2:25:15 PM,Rapeseed I,60073681 RA,Normal,CE301_GP_2024_SC_Gr,,Infratec,91915904,5.2,0.205,4.946,5.612,0,0,,,,47.4,0.843,45.914,48.251,0,0,
11/15/2024 2:26:44 PM,Rapeseed I,60073681 RA,Normal,CE315_GP_2024_SC_Gr,,Infratec,91915904,5.33,0.159,5.116,5.597,0,0,,,,47.11,0.578,46.114,47.812,0,0,
11/15/2024 2:28:09 PM,Rapeseed I,60073681 RA,Normal,CE332_GP_2024_SC_Gr,,Infratec,91915904,5.13,0.14,4.922,5.332,0,0,,,,48.87,0.385,48.408,49.33,0,0,
11/15/2024 2:29:40 PM,Rapeseed I,60073681 RA,Normal,CE78_GP_2024_SC_Gr,,Infratec,91915904,5.05,0.137,4.728,5.199,0,0,,,,48.23,0.655,47.407,49.095,0,0,
11/15/2024 2:31:22 PM,Rapeseed I,60073681 RA,Normal,CE82_GP_2024_SC_Gr,,Infratec,91915904,5.15,0.215,4.703,5.454,0,0,,,,49.91,0.909,47.436,50.46,0,0,
11/15/2024 2:32:49 PM,Rapeseed I,60073681 RA,Normal,CE331_GP_2024_SC_Gr,,Infratec,91915904,4.71,0.134,4.455,4.901,0,0,,,,50.11,0.673,49.144,51.104,0,0,
11/15/2024 2:35:33 PM,Rapeseed I,60073681 RA,Normal,CE103_GP_2024_SC_Gr,,Infratec,91915904,5.01,0.412,4,5.422,0,0,,,,49.36,0.97,47.583,50.576,0,0,
11/15/2024 2:38:10 PM,Rapeseed I,60073681 RA,Normal,CE36_GP_2024_SC_Gr,,Infratec,91915904,5.25,0.187,4.949,5.554,0,0,,,,47.35,0.869,46.093,48.638,0,0,
11/15/2024 2:40:02 PM,Rapeseed I,60073681 RA,Normal,CE130_GP_2024_SC_Gr,,Infratec,91915904,5.22,0.191,4.911,5.607,0,0,,,,42.96,0.644,42.107,43.748,0,0,
11/15/2024 2:41:36 PM,Rapeseed I,60073681 RA,Normal,CE77_GP_2024_SC_Gr,,Infratec,91915904,5.53,0.196,5.205,5.778,0,0,,,,46.24,0.857,44.79,47.3,0,0,
11/15/2024 3:18:39 PM,Rapeseed I,60073681 RA,Normal,CE81_GP_2024_SC_Gr,,Infratec,91915904,5.4,0.292,4.765,5.813,0,0,,,,50.64,0.422,49.876,51.346,0,0,
11/15/2024 3:20:03 PM,Rapeseed I,60073681 RA,Normal,CE161_GP_2024_SC_Gr,,Infratec,91915904,5.14,0.445,4.035,5.742,0,0,,,,49.39,0.562,47.975,49.847,0,0,
11/15/2024 4:00:53 PM,Rapeseed I,60073681 RA,Normal,CE184_GP_2024_SC_Gr,,Infratec,91915904,4.94,0.298,4.258,5.3,0,0,,,,50.31,0.442,49.625,50.94,0,0,
11/15/2024 4:02:37 PM,Rapeseed I,60073681 RA,Normal,CE183_GP_2024_SC_Gr,,Infratec,91915904,5.19,0.175,4.911,5.447,0,0,,,,46.32,0.671,45.264,47.38,0,0,
11/15/2024 4:33:35 PM,Rapeseed I,60073681 RA,Normal,CE101_GP_2024_SC_Gr,,Infratec,91915904,5.17,0.291,4.598,5.454,0,0,,,,50.47,0.744,49.047,51.451,0,0,
11/15/2024 4:35:17 PM,Rapeseed I,60073681 RA,Normal,CE158_GP_2024_SC_Gr,,Infratec,91915904,4.64,0.113,4.415,4.79,0,0,,,,46.94,0.954,45.657,48.841,0,0,
11/19/2024 11:06:10 AM,Rapeseed I,60073681 RA,Normal,CE197_GP_2024_SC_Gr,,Infratec,91915904,5.01,0.094,4.814,5.172,0,0,,,,48.42,0.832,46.848,49.438,0,0,
11/19/2024 11:12:53 AM,Rapeseed I,60073681 RA,Normal,CE139_GP_2024_SC_Gr,,Infratec,91915904,6.01,0.131,5.839,6.228,0,0,,,,41.36,0.54,40.714,42.486,0,0,
11/19/2024 11:17:25 AM,Rapeseed I,60073681 RA,Normal,CE155_GP_2024_SC_Gr,,Infratec,91915904,5.77,0.606,4.542,6.485,0,0,,,,47.63,0.725,46.476,48.516,0,0,
11/19/2024 11:21:54 AM,Rapeseed I,60073681 RA,Normal,CE140_GP_2024_SC_Gr,,Infratec,91915904,5.66,0.268,5.349,6.257,0,0,,,,44.14,0.595,42.903,45.087,0,0,
11/19/2024 11:25:57 AM,Rapeseed I,60073681 RA,Normal,CE159_GP_2024_SC_Gr,,Infratec,91915904,6.13,0.293,5.618,6.568,0,0,,,,48.88,0.692,47.97,50.227,0,0,
11/19/2024 11:32:57 AM,Rapeseed I,60073681 RA,Normal,CE107_GP_2024_SC_Gr,,Infratec,91915904,6.46,0.388,6.103,7.218,0,0,,,,43.07,0.377,42.39,43.541,0,0,
11/19/2024 11:37:02 AM,Rapeseed I,60073681 RA,Normal,CE151_GP_2024_SC_Gr,,Infratec,91915904,6.28,0.243,6.018,6.832,0,0,,,,47.54,0.238,47.168,48.052,0,0,
11/19/2024 11:41:41 AM,Rapeseed I,60073681 RA,Normal,CE111_GP_2024_SC_Gr,,Infratec,91915904,6.12,0.169,5.869,6.337,0,0,,,,45.27,0.422,44.588,45.796,0,0,
11/19/2024 11:47:00 AM,Rapeseed I,60073681 RA,Normal,CE135_GP_2024_SC_Gr,,Infratec,91915904,6.17,0.586,4.936,6.806,0,0,,,,48.07,0.663,47.087,49.184,0,0,
11/19/2024 11:52:37 AM,Rapeseed I,60073681 RA,Normal,CE143_GP_2024_SC_Gr,,Infratec,91915904,5.8,0.173,5.569,6.093,0,0,,,,46.02,0.472,44.854,46.647,0,0,
11/19/2024 11:56:53 AM,Rapeseed I,60073681 RA,Normal,CE154_GP_2024_SC_Gr,,Infratec,91915904,6.29,0.159,6.055,6.516,0,0,,,,48.62,0.698,47.445,49.601,0,0,
11/19/2024 12:00:56 PM,Rapeseed I,60073681 RA,Normal,CE189_GP_2024_SC_Gr,,Infratec,91915904,5.83,0.264,5.553,6.503,0,0,,,,49.3,0.788,47.527,50.144,0,0,
11/19/2024 12:09:20 PM,Rapeseed I,60073681 RA,Normal,CE175_GP_2024_SC_Gr,,Infratec,91915904,6.45,0.248,5.955,6.788,0,0,,,,45.32,0.476,44.475,46.208,0,0,
11/19/2024 1:13:09 PM,Rapeseed I,60073681 RA,Normal,CE128_GP_2024_SC_Gr,,Infratec,91915904,5.75,0.35,5.272,6.226,0,0,,,,49.85,0.582,48.951,50.847,0,0,
11/19/2024 1:17:24 PM,Rapeseed I,60073681 RA,Normal,CE108_GP_2024_SC_Gr,,Infratec,91915904,5.79,0.224,5.344,6.117,0,0,,,,48.98,0.682,47.551,49.597,0,0,
11/19/2024 1:21:41 PM,Rapeseed I,60073681 RA,Normal,CE126_GP_2024_SC_Gr,,Infratec,91915904,5.65,0.159,5.438,5.877,0,0,,,,47.8,0.421,47.144,48.34,0,0,
11/19/2024 1:30:47 PM,Rapeseed I,60073681 RA,Normal,CE170_GP_2024_SC_Gr,,Infratec,91915904,5.8,0.122,5.647,6,0,0,,,,38.84,0.306,38.139,39.242,0,0,
11/19/2024 1:44:19 PM,Rapeseed I,60073681 RA,Normal,CE100_GP_2024_SC_Gr,,Infratec,91915904,6.28,0.301,5.91,6.729,0,0,,,,48.5,1.043,45.85,49.49,0,0,
11/19/2024 1:48:36 PM,Rapeseed I,60073681 RA,Normal,CE187_GP_2024_SC_Gr,,Infratec,91915904,5.82,0.25,5.512,6.189,0,0,,,,45.59,0.655,44.33,46.34,0,0,
11/19/2024 1:55:35 PM,Rapeseed I,60073681 RA,Normal,CE129_GP_2024_SC_Gr,,Infratec,91915904,6.47,0.242,6.143,7.016,0,0,,,,46.1,0.531,45.508,46.739,0,0,
11/19/2024 1:57:37 PM,Rapeseed I,60073681 RA,Normal,CE122_GP_2024_SC_Gr,,Infratec,91915904,6.02,0.196,5.584,6.246,0,0,,,,48.17,0.871,46.055,49.023,0,0,
11/19/2024 1:59:13 PM,Rapeseed I,60073681 RA,Normal,CE150_GP_2024_SC_Gr,,Infratec,91915904,6.46,0.488,5.881,7.411,0,0,,,,47.43,0.698,46.128,48.312,0,0,
11/19/2024 2:01:26 PM,Rapeseed I,60073681 RA,Normal,CE112_GP_2024_SC_Gr,,Infratec,91915904,5.67,0.113,5.478,5.865,0,0,,,,46.08,0.432,45.15,46.737,0,0,
11/19/2024 2:03:06 PM,Rapeseed I,60073681 RA,Normal,CE164_GP_2024_SC_Gr,,Infratec,91915904,5.87,0.266,5.591,6.366,0,0,,,,47.88,0.603,46.732,48.5,0,0,
11/19/2024 3:27:15 PM,Rapeseed I,60073681 RA,Normal,CE47_GP_2024_SC_Gr,,Infratec,91915904,5.76,0.285,5.367,6.434,0,0,,,,47.55,0.642,46.74,48.916,0,0,
11/19/2024 3:29:40 PM,Rapeseed I,60073681 RA,Normal,CE46_GP_2024_SC_Gr,,Infratec,91915904,5.6,0.236,5.051,5.906,0,0,,,,46.49,0.66,45.533,47.464,0,0,
11/19/2024 3:45:51 PM,Rapeseed I,60073681 RA,Normal,CE3_GP_2024_SC_Gr,,Infratec,91915904,5.79,0.06,5.715,5.875,0,0,,,,44.92,0.549,44.042,45.711,0,0,
11/19/2024 3:47:14 PM,Rapeseed I,60073681 RA,Normal,CE23_GP_2024_SC_Gr,,Infratec,91915904,6.04,0.294,5.547,6.603,0,0,,,,47.93,1.049,45.759,48.87,0,0,
11/19/2024 3:50:29 PM,Rapeseed I,60073681 RA,Normal,CE72_GP_2024_SC_Gr,,Infratec,91915904,5.95,0.257,5.563,6.576,0,0,,,,49.95,0.566,48.867,50.592,0,0,
11/19/2024 3:52:05 PM,Rapeseed I,60073681 RA,Normal,CE4_GP_2024_SC_Gr,,Infratec,91915904,6.04,0.149,5.859,6.265,0,0,,,,45.66,0.293,45.152,46.038,0,0,
11/20/2024 2:15:35 PM,Rapeseed I,60073681 RA,Normal,CE27_GP_2024_SC_Gr,,Infratec,91915904,5.26,0.308,4.756,5.723,0,0,,,,46.95,0.892,45.276,48.313,0,0,
11/20/2024 2:28:46 PM,Rapeseed I,60073681 RA,Normal,CE48_GP_2024_SC_Gr,,Infratec,91915904,5.22,0.212,4.904,5.54,0,0,,,,48.9,1.584,44.707,49.955,0,0,
11/20/2024 2:33:17 PM,Rapeseed I,60073681 RA,Normal,CE73_GP_2024_SC_Gr,,Infratec,91915904,5.5,0.193,5.27,5.896,0,0,,,,48.49,0.971,46.7,49.602,0,0,
11/20/2024 2:37:39 PM,Rapeseed I,60073681 RA,Normal,CE74_GP_2024_SC_Gr,,Infratec,91915904,5.4,0.273,5.08,6.019,0,0,,,,49.19,0.603,48.079,49.929,0,0,
11/20/2024 2:41:57 PM,Rapeseed I,60073681 RA,Normal,CE43_GP_2024_SC_Gr,,Infratec,91915904,5.73,0.16,5.427,6,0,0,,,,49.79,0.859,47.477,50.369,0,0,
11/20/2024 2:46:04 PM,Rapeseed I,60073681 RA,Normal,CE30_GP_2024_SC_Gr,,Infratec,91915904,5.98,0.335,5.593,6.648,0,0,,,,44.43,0.857,42.965,45.731,0,0,
11/20/2024 2:49:26 PM,Rapeseed I,60073681 RA,Normal,CE39_GP_2024_SC_Gr,,Infratec,91915904,4.37,0.096,4.176,4.476,0,1,,,,35,0.39,34.161,35.55,0,0,
11/20/2024 2:54:24 PM,Rapeseed I,60073681 RA,Normal,CE51_GP_2024_SC_Gr,,Infratec,91915904,5.59,0.24,5.009,5.848,0,0,,,,47.89,0.921,46.282,49.203,0,0,
11/20/2024 2:58:17 PM,Rapeseed I,60073681 RA,Normal,CE10_GP_2024_SC_Gr,,Infratec,91915904,5.98,0.347,5.588,6.623,0,0,,,,41.81,0.779,40.802,43.284,0,0,
11/20/2024 3:02:16 PM,Rapeseed I,60073681 RA,Normal,CE29_GP_2024_SC_Gr,,Infratec,91915904,5.9,0.369,5.274,6.602,0,0,,,,46.06,0.592,45.02,47.007,0,0,
11/21/2024 7:13:36 AM,Rapeseed I,60073681 RA,Normal,CE76_GP_2024_SC_Gr,,Infratec,91915904,5.77,0.25,5.406,6.164,0,0,,,,48.61,0.847,47.36,50.108,0,0,
11/21/2024 7:20:57 AM,Rapeseed I,60073681 RA,Normal,CE96_GP_2024_SC_Gr,,Infratec,91915904,4.95,0.15,4.735,5.214,0,0,,,,46.05,0.649,44.982,46.974,0,0,
11/21/2024 7:24:48 AM,Rapeseed I,60073681 RA,Normal,CE54_GP_2024_SC_Gr,,Infratec,91915904,5.31,0.177,5,5.606,0,0,,,,48.6,0.556,47.977,49.587,0,0,
11/21/2024 7:30:44 AM,Rapeseed I,60073681 RA,Normal,CE12_GP_2024_SC_Gr,,Infratec,91915904,4.84,0.17,4.651,5.22,0,0,,,,41.71,0.664,40.189,42.353,0,0,
11/21/2024 7:35:35 AM,Rapeseed I,60073681 RA,Normal,CE26_GP_2024_SC_Gr,,Infratec,91915904,5.56,0.232,5.078,5.916,0,0,,,,47,0.646,46.178,48.134,0,0,
11/21/2024 7:40:47 AM,Rapeseed I,60073681 RA,Normal,CE55_GP_2024_SC_Gr,,Infratec,91915904,5.38,0.126,5.132,5.613,0,0,,,,47.75,0.681,46.551,48.892,0,0,
11/21/2024 7:46:20 AM,Rapeseed I,60073681 RA,Normal,CE25_GP_2024_SC_Gr,,Infratec,91915904,5.36,0.16,5.147,5.566,0,0,,,,50.62,0.615,49.64,51.339,0,0,
11/21/2024 8:01:22 AM,Rapeseed I,60073681 RA,Normal,CW547_GP_2024_SC_Gr,,Infratec,91915904,5.66,0.241,5.465,6.165,0,0,,,,46.57,0.775,45.178,47.537,0,0,
11/21/2024 8:05:52 AM,Rapeseed I,60073681 RA,Normal,CW475_GP_2024_SC_Gr,,Infratec,91915904,5.9,0.389,5.052,6.397,0,0,,,,47.78,0.537,46.853,48.453,0,0,
11/22/2024 1:32:22 PM,Rapeseed I,60073681 RA,Normal,,,Infratec,91915904,,,,,,,,,,,,,,,,
11/22/2024 1:43:42 PM,Rapeseed I,60073681 RA,Normal,CE102_GP_2024_SC_Gr,,Infratec,91915904,4.93,0.226,4.519,5.251,0,0,,,,48.7,0.614,47.875,49.409,0,0,
11/22/2024 1:45:57 PM,Rapeseed I,60073681 RA,Normal,CE156_GP_2024_SC_Gr,,Infratec,91915904,5.15,0.235,4.747,5.45,0,0,,,,49.28,0.541,48.662,50.228,0,0,
11/22/2024 1:48:03 PM,Rapeseed I,60073681 RA,Normal,CE153_GP_2024_SC_Gr,,Infratec,91915904,5.85,0.552,4.512,6.476,0,0,,,,48,0.684,47.212,49.558,0,0,
11/22/2024 1:50:10 PM,Rapeseed I,60073681 RA,Normal,CE162_GP_2024_SC_Gr,,Infratec,91915904,4.92,0.16,4.633,5.229,0,0,,,,49.94,0.685,48.196,50.638,0,0,
11/22/2024 1:52:23 PM,Rapeseed I,60073681 RA,Normal,CE109_GP_2024_SC_Gr,,Infratec,91915904,5.17,0.27,4.504,5.538,0,0,,,,51.31,0.29,50.854,51.812,0,0,
11/22/2024 1:55:05 PM,Rapeseed I,60073681 RA,Normal,CE192_GP_2024_SC_Gr,,Infratec,91915904,5.08,0.14,4.924,5.337,0,0,,,,45.47,0.614,44.606,46.844,0,0,
11/22/2024 1:56:58 PM,Rapeseed I,60073681 RA,Normal,CE138_GP_2024_SC_Gr,,Infratec,91915904,5.08,0.128,4.867,5.248,0,0,,,,45.88,0.883,44.235,47.594,0,0,
11/22/2024 1:58:50 PM,Rapeseed I,60073681 RA,Normal,CE181_GP_2024_SC_Gr,,Infratec,91915904,5.61,0.217,5.12,5.908,0,0,,,,47.12,1.118,45.772,49.178,0,0,
11/22/2024 2:00:42 PM,Rapeseed I,60073681 RA,Normal,CE182_GP_2024_SC_Gr,,Infratec,91915904,5.09,0.142,4.851,5.413,0,0,,,,43.32,0.603,42.35,44.084,0,0,
11/22/2024 2:02:38 PM,Rapeseed I,60073681 RA,Normal,CE185_GP_2024_SC_Gr,,Infratec,91915904,5.48,0.191,5.209,5.889,0,0,,,,43.81,0.345,43.192,44.262,0,0,
11/22/2024 2:05:04 PM,Rapeseed I,60073681 RA,Normal,CE123_GP_2024_SC_Res,,Infratec,91915904,5.69,0.243,5.339,6.113,0,0,,,,46.51,0.518,45.659,47.362,0,0,
11/22/2024 2:07:05 PM,Rapeseed I,60073681 RA,Normal,CE178_GP_2024_SC_Gr,,Infratec,91915904,6.05,0.223,5.722,6.542,0,0,,,,47.84,0.4,47.17,48.727,0,0,
11/22/2024 2:09:02 PM,Rapeseed I,60073681 RA,Normal,CE149_GP_2024_SC_Gr,,Infratec,91915904,5.78,0.476,4.956,6.541,0,0,,,,45.95,0.948,44.331,47.22,0,0,
11/22/2024 2:10:57 PM,Rapeseed I,60073681 RA,Normal,CE193_GP_2024_SC_Gr,,Infratec,91915904,5.29,0.192,5.022,5.624,0,0,,,,43.19,0.422,42.27,43.704,0,0,
11/22/2024 2:12:59 PM,Rapeseed I,60073681 RA,Normal,CE132_GP_2024_SC_Gr,,Infratec,91915904,5.28,0.196,5.094,5.628,0,0,,,,48.68,0.933,46.473,49.773,0,0,
11/22/2024 2:15:04 PM,Rapeseed I,60073681 RA,Normal,CE106_GP_2024_SC_Gr,,Infratec,91915904,5.5,0.275,5.231,6.183,0,0,,,,46.36,0.523,45.712,47.173,0,0,
11/22/2024 2:16:51 PM,Rapeseed I,60073681 RA,Normal,CE160_GP_2024_SC_Gr,,Infratec,91915904,5.28,0.179,4.904,5.489,0,0,,,,49.85,0.427,48.974,50.39,0,0,
11/22/2024 2:18:39 PM,Rapeseed I,60073681 RA,Normal,CE177_GP_2024_SC_Gr,,Infratec,91915904,5.32,0.211,4.834,5.501,0,0,,,,49.7,0.354,48.971,50.134,0,0,
11/22/2024 2:20:35 PM,Rapeseed I,60073681 RA,Normal,CE136_GP_2024_SC_Gr,,Infratec,91915904,5.52,0.268,4.981,5.952,0,0,,,,50.92,0.519,49.82,51.665,0,0,
11/22/2024 2:22:21 PM,Rapeseed I,60073681 RA,Normal,CE105_GP_2024_SC_Gr,,Infratec,91915904,5.41,0.172,5.21,5.757,0,0,,,,40.18,0.774,39.011,41.23,0,0,
11/22/2024 2:24:09 PM,Rapeseed I,60073681 RA,Normal,CE134_GP_2024_SC_Gr,,Infratec,91915904,5.87,0.2,5.598,6.145,0,0,,,,48.46,0.536,47.934,49.631,0,0,
11/22/2024 2:25:52 PM,Rapeseed I,60073681 RA,Normal,CE104_GP_2024_SC_Gr,,Infratec,91915904,5.25,0.172,4.909,5.45,0,0,,,,48.35,0.507,47.242,48.825,0,0,
11/22/2024 2:27:29 PM,Rapeseed I,60073681 RA,Normal,CE131_GP_2024_SC_Gr,,Infratec,91915904,5.34,0.212,4.87,5.649,0,0,,,,49.99,0.638,48.857,50.844,0,0,
11/22/2024 2:29:08 PM,Rapeseed I,60073681 RA,Normal,CE163_GP_2024_SC_Gr,,Infratec,91915904,5.57,0.121,5.367,5.749,0,0,,,,50.67,0.333,50.186,51.133,0,0,
11/26/2024 11:07:53 AM,Rapeseed I,60073681 RA,Normal,CE19_GP_2024_SC_Gr,,Infratec,91915904,6.5,0.308,6.203,7.129,0,0,,,,39.56,0.941,38.316,41.752,0,0,
11/26/2024 11:09:50 AM,Rapeseed I,60073681 RA,Normal,CE95_GP_2024_SC_Gr,,Infratec,91915904,6.68,0.332,6.377,7.454,0,0,,,,43.94,0.63,42.686,45.019,0,0,
11/26/2024 11:11:29 AM,Rapeseed I,60073681 RA,Normal,CE5_GP_2024_SC_Gr,,Infratec,91915904,6.38,0.163,6.111,6.551,0,0,,,,44.68,0.401,43.884,45.141,0,0,
11/26/2024 11:13:17 AM,Rapeseed I,60073681 RA,Normal,CE9_GP_2024_SC_Gr,,Infratec,91915904,6.2,0.229,5.972,6.689,0,0,,,,44.38,0.66,42.906,45.296,0,0,
11/26/2024 11:14:57 AM,Rapeseed I,60073681 RA,Normal,CE28_GP_2024_SC_Gr,,Infratec,91915904,6.53,0.376,6.074,7.187,0,0,,,,44.68,0.683,43.65,45.502,0,0,
11/26/2024 11:16:37 AM,Rapeseed I,60073681 RA,Normal,CE24_GP_2024_SC_Gr,,Infratec,91915904,6.35,0.157,6.103,6.676,0,0,,,,48.81,0.326,48.059,49.113,0,0,
11/26/2024 11:18:56 AM,Rapeseed I,60073681 RA,Normal,CE52_GP_2024_SC_Gr,,Infratec,91915904,5.44,0.218,5.083,5.776,0,0,,,,49.49,0.937,46.976,50.352,0,0,
11/26/2024 11:20:48 AM,Rapeseed I,60073681 RA,Normal,CE40_GP_2024_SC_Gr,,Infratec,91915904,6.39,0.201,6.182,6.899,0,1,,,,33.53,0.274,33.088,34.004,0,0,
11/26/2024 11:23:23 AM,Rapeseed I,60073681 RA,Normal,CE2_GP_2024_SC_Gr,,Infratec,91915904,5.71,0.166,5.428,5.914,0,0,,,,41.62,0.957,40.713,43.675,0,0,
11/26/2024 11:25:02 AM,Rapeseed I,60073681 RA,Normal,CE11_GP_2024_SC_Gr,,Infratec,91915904,5.52,0.13,5.251,5.749,0,0,,,,45.75,0.807,44.959,47.495,0,0,
11/26/2024 11:26:41 AM,Rapeseed I,60073681 RA,Normal,CE98_GP_2024_SC_Gr,,Infratec,91915904,5.79,0.21,5.514,6.22,0,0,,,,48.72,0.541,47.572,49.259,0,0,
11/26/2024 11:28:28 AM,Rapeseed I,60073681 RA,Normal,CE33_GP_2024_SC_Gr,,Infratec,91915904,5.56,0.149,5.277,5.815,0,0,,,,39.46,0.61,38.584,40.553,0,0,
11/26/2024 11:30:33 AM,Rapeseed I,60073681 RA,Normal,CE49_GP_2024_SC_Gr,,Infratec,91915904,6.08,0.194,5.709,6.416,0,0,,,,48.43,0.391,47.955,49.076,0,0,
11/26/2024 11:32:25 AM,Rapeseed I,60073681 RA,Normal,CE88_GP_2024_SC_Gr,,Infratec,91915904,5.68,0.334,5.054,6.189,0,0,,,,50.23,0.627,48.782,50.813,0,0,
11/26/2024 11:34:04 AM,Rapeseed I,60073681 RA,Normal,CE92_GP_2024_SC_Gr,,Infratec,91915904,5.88,0.111,5.713,6.062,0,0,,,,48.58,0.424,47.831,49.251,0,0,
11/26/2024 11:35:51 AM,Rapeseed I,60073681 RA,Normal,CE59_GP_2024_SC_Gr,,Infratec,91915904,6,0.153,5.747,6.325,0,0,,,,50.73,0.226,50.389,51.099,0,0,
11/26/2024 11:37:34 AM,Rapeseed I,60073681 RA,Normal,CE67_GP_2024_SC_Gr,,Infratec,91915904,5.21,0.477,3.897,5.526,0,0,,,,49.04,1.168,46.967,50.28,0,0,
11/26/2024 11:39:23 AM,Rapeseed I,60073681 RA,Normal,CE69_GP_2024_SC_Gr,,Infratec,91915904,5.67,0.181,5.436,6.056,0,0,,,,49.17,0.485,48.108,49.796,0,0,
11/26/2024 11:41:11 AM,Rapeseed I,60073681 RA,Normal,CE31_GP_2024_SC_Gr,,Infratec,91915904,5.78,0.194,5.493,6.152,0,0,,,,45.6,0.661,44.694,46.368,0,0,
11/26/2024 11:43:02 AM,Rapeseed I,60073681 RA,Normal,CE45_GP_2024_SC_Gr,,Infratec,91915904,5.85,0.206,5.655,6.31,0,0,,,,42.87,0.752,42.034,44.67,0,0,
11/26/2024 11:44:45 AM,Rapeseed I,60073681 RA,Normal,CE20_GP_2024_SC_Gr,,Infratec,91915904,5.68,0.302,5.035,6.117,0,0,,,,41.5,0.8,40.463,43.312,0,0,
11/26/2024 11:46:47 AM,Rapeseed I,60073681 RA,Normal,CE94_GP_2024_SC_Gr,,Infratec,91915904,5.73,0.227,5.475,6.163,0,0,,,,41.1,0.735,40.198,42.597,0,0,
11/26/2024 2:04:21 PM,Rapeseed I,60073681 RA,Normal,CE32_GP_2024_SC_Gr,,Infratec,91915904,5.37,0.156,5.174,5.714,0,0,,,,43.94,0.478,43.525,44.991,0,0,
11/26/2024 2:06:13 PM,Rapeseed I,60073681 RA,Normal,CE61_GP_2024_SC_Gr,,Infratec,91915904,6.24,0.169,6.009,6.512,0,0,,,,44.7,0.676,43.281,45.59,0,0,
11/26/2024 2:07:51 PM,Rapeseed I,60073681 RA,Normal,CE84_GP_2024_SC_Gr,,Infratec,91915904,5.53,0.179,5.237,5.783,0,0,,,,50.1,0.263,49.776,50.558,0,0,
11/26/2024 2:09:34 PM,Rapeseed I,60073681 RA,Normal,CE50_GP_2024_SC_Gr,,Infratec,91915904,5.67,0.229,5.243,6.088,0,0,,,,48.24,0.708,46.878,49.186,0,0,
11/26/2024 2:11:10 PM,Rapeseed I,60073681 RA,Normal,CE89_GP_2024_SC_Gr,,Infratec,91915904,5.58,0.175,5.291,5.869,0,0,,,,50.43,0.373,49.787,50.883,0,0,
11/26/2024 2:12:57 PM,Rapeseed I,60073681 RA,Normal,CE58_GP_2024_SC_Gr,,Infratec,91915904,5.92,0.272,5.607,6.405,0,0,,,,48.44,0.398,47.754,48.934,0,0,
11/26/2024 2:14:40 PM,Rapeseed I,60073681 RA,Normal,CE1_GP_2024_SC_Gr,,Infratec,91915904,5.35,0.188,5.113,5.654,0,0,,,,46.47,0.357,45.858,46.9,0,0,
11/26/2024 2:16:15 PM,Rapeseed I,60073681 RA,Normal,CE83_GP_2024_SC_Gr,,Infratec,91915904,5.51,0.165,5.273,5.835,0,0,,,,46.93,0.586,46.015,48.066,0,0,
11/26/2024 2:18:01 PM,Rapeseed I,60073681 RA,Normal,CE34_GP_2024_SC_Gr,,Infratec,91915904,5.86,0.181,5.645,6.203,0,0,,,,47.41,0.515,46.659,47.957,0,0,
11/26/2024 2:19:37 PM,Rapeseed I,60073681 RA,Normal,CE21_GP_2024_SC_Gr,,Infratec,91915904,6.15,0.179,5.923,6.443,0,0,,,,45.6,0.781,44.263,46.764,0,0,
11/26/2024 2:21:17 PM,Rapeseed I,60073681 RA,Normal,CE99_GP_2024_SC_Gr,,Infratec,91915904,5.6,0.134,5.372,5.772,0,0,,,,47.32,0.574,46.21,48.03,0,0,
11/26/2024 2:23:19 PM,Rapeseed I,60073681 RA,Normal,CE90_GP_2024_SC_Gr,,Infratec,91915904,5.42,0.174,5.073,5.65,0,0,,,,51.31,0.534,50.506,52.348,0,0,
11/26/2024 2:25:11 PM,Rapeseed I,60073681 RA,Normal,CE75_GP_2024_SC_Gr,,Infratec,91915904,5.71,0.113,5.527,5.92,0,0,,,,49.9,0.297,49.5,50.398,0,0,
11/26/2024 2:26:55 PM,Rapeseed I,60073681 RA,Normal,CE60_GP_2024_SC_Gr,,Infratec,91915904,5.98,0.146,5.744,6.19,0,0,,,,49.98,0.456,49.368,50.933,0,0,
11/26/2024 2:28:42 PM,Rapeseed I,60073681 RA,Normal,CE6_GP_2024_SC_Gr,,Infratec,91915904,5.73,0.2,5.433,6.079,0,0,,,,41.6,0.687,40.645,42.823,0,0,
11/26/2024 2:30:22 PM,Rapeseed I,60073681 RA,Normal,CE35_GP_2024_SC_Gr,,Infratec,91915904,6.1,0.183,5.948,6.55,0,0,,,,45.69,0.505,44.47,46.18,0,0,
11/26/2024 2:31:57 PM,Rapeseed I,60073681 RA,Normal,CE15_GP_2024_SC_Gr,,Infratec,91915904,5.93,0.209,5.679,6.348,0,0,,,,45.93,0.558,45.39,47.273,0,0,
11/26/2024 2:33:37 PM,Rapeseed I,60073681 RA,Normal,CE37_GP_2024_SC_Gr,,Infratec,91915904,5.44,0.126,5.193,5.67,0,0,,,,42.36,0.358,41.741,43.09,0,0,
11/26/2024 2:35:47 PM,Rapeseed I,60073681 RA,Normal,CE13_GP_2024_SC_Gr,,Infratec,91915904,6.01,0.126,5.865,6.302,0,0,,,,40.75,0.483,39.829,41.513,0,0,
11/26/2024 2:37:46 PM,Rapeseed I,60073681 RA,Normal,CE44_GP_2024_SC_Gr,,Infratec,91915904,5.54,0.358,5.242,6.407,0,0,,,,47.48,0.776,45.873,48.684,0,0,
11/26/2024 2:39:34 PM,Rapeseed I,60073681 RA,Normal,,,Infratec,91915904,5.4,0.27,4.774,5.736,0,0,,,,47.1,0.917,45.506,48.39,0,0,
11/26/2024 2:41:34 PM,Rapeseed I,60073681 RA,Normal,CE63_GP_2024_SC_Gr,,Infratec,91915904,5.62,0.238,5.06,5.874,0,0,,,,49.05,0.32,48.704,49.521,0,0,
11/26/2024 2:43:08 PM,Rapeseed I,60073681 RA,Normal,CE85_GP_2024_SC_Gr,,Infratec,91915904,5.74,0.262,5.418,6.321,0,0,,,,49.01,0.604,47.677,49.717,0,0,
11/26/2024 2:44:52 PM,Rapeseed I,60073681 RA,Normal,CE70_GP_2024_SC_Gr,,Infratec,91915904,5.45,0.156,5.242,5.68,0,0,,,,50.42,0.365,49.908,51.198,0,0,
11/26/2024 2:46:26 PM,Rapeseed I,60073681 RA,Normal,CE53_GP_2024_SC_Gr,,Infratec,91915904,5.64,0.103,5.38,5.746,0,0,,,,50.06,0.352,49.52,50.715,0,0,
11/26/2024 2:48:38 PM,Rapeseed I,60073681 RA,Normal,CE86_GP_2024_SC_Gr,,Infratec,91915904,6.09,0.232,5.829,6.657,0,0,,,,49.03,0.672,47.466,49.794,0,0,
11/26/2024 2:50:37 PM,Rapeseed I,60073681 RA,Normal,CE14_GP_2024_SC_Gr,,Infratec,91915904,5.82,0.12,5.629,5.991,0,1,,,,38.57,0.295,38.029,38.925,0,0,
11/27/2024 9:21:59 AM,Rapeseed I,60073681 RA,Normal,CE327_GP_2024_SC_Gr,,Infratec,91915904,5.4,0.226,5.166,5.859,0,0,,,,48.74,0.656,48.006,49.718,0,0,
11/27/2024 9:37:57 AM,Rapeseed I,60073681 RA,Normal,CE352_GP_2024_SC_Gr,,Infratec,91915904,5.41,0.184,4.966,5.636,0,0,,,,49.01,0.902,47.39,49.935,0,0,
11/27/2024 9:42:22 AM,Rapeseed I,60073681 RA,Normal,CE304_GP_2024_SC_Gr,,Infratec,91915904,5.47,0.171,5.215,5.731,0,0,,,,48.68,0.496,47.645,49.125,0,0,
11/27/2024 9:46:38 AM,Rapeseed I,60073681 RA,Normal,CE358_GP_2024_SC_Gr,,Infratec,91915904,5.65,0.181,5.391,5.942,0,0,,,,48.31,0.639,46.799,49.027,0,0,
11/27/2024 9:50:55 AM,Rapeseed I,60073681 RA,Normal,CE355_GP_2024_SC_Gr,,Infratec,91915904,5.37,0.473,4.521,6.002,0,0,,,,48.84,1.069,47.02,50.27,0,0,
11/27/2024 9:55:23 AM,Rapeseed I,60073681 RA,Normal,CE311_GP_2024_SC_Gr,,Infratec,91915904,5.6,0.512,4.585,6.561,0,0,,,,49.99,0.546,48.854,50.61,0,0,
11/27/2024 9:59:23 AM,Rapeseed I,60073681 RA,Normal,CE336_GP_2024_SC_Gr,,Infratec,91915904,5.7,0.292,5.171,5.99,0,0,,,,49.76,0.61,48.681,50.565,0,0,
11/27/2024 10:04:37 AM,Rapeseed I,60073681 RA,Normal,CE306_GP_2024_SC_Gr,,Infratec,91915904,5.44,0.22,5.203,6.003,0,0,,,,44.69,0.619,43.829,45.901,0,0,
11/27/2024 10:08:35 AM,Rapeseed I,60073681 RA,Normal,CE396_GP_2024_SC_Gr,,Infratec,91915904,5.3,0.17,5.041,5.521,0,0,,,,50.55,0.835,49.299,51.384,0,0,
11/27/2024 10:13:29 AM,Rapeseed I,60073681 RA,Normal,CE324_GP_2024_SC_Gr,,Infratec,91915904,5.62,0.294,5.2,6.059,0,0,,,,42.61,0.655,41.853,43.692,0,0,
11/27/2024 10:19:05 AM,Rapeseed I,60073681 RA,Normal,CE353_GP_2024_SC_Gr,,Infratec,91915904,5.72,0.134,5.426,5.874,0,0,,,,48.61,0.402,47.896,49.093,0,0,
11/27/2024 10:26:50 AM,Rapeseed I,60073681 RA,Normal,CE309_GP_2024_SC_Gr,,Infratec,91915904,5.64,0.242,5.387,6.27,0,0,,,,48.06,0.521,47.263,48.645,0,0,
11/27/2024 10:31:18 AM,Rapeseed I,60073681 RA,Normal,CE305_GP_2024_SC_Gr,,Infratec,91915904,5.19,0.121,4.977,5.336,0,0,,,,49.35,0.414,48.577,49.996,0,0,
11/27/2024 10:35:22 AM,Rapeseed I,60073681 RA,Normal,CE377_GP_2024_SC_Gr,,Infratec,91915904,5.66,0.399,5.11,6.585,0,0,,,,50.1,0.592,48.961,50.874,0,0,
11/27/2024 10:40:58 AM,Rapeseed I,60073681 RA,Normal,CE356_GP_2024_SC_Gr,,Infratec,91915904,5.04,0.568,3.522,5.499,0,0,,,,49.95,0.641,48.853,51.181,0,0,
11/27/2024 10:47:57 AM,Rapeseed I,60073681 RA,Normal,CE308_GP_2024_SC_Gr,,Infratec,91915904,5.33,0.168,5.025,5.596,0,0,,,,48.53,0.602,47.55,49.32,0,0,
11/27/2024 10:51:59 AM,Rapeseed I,60073681 RA,Normal,CE333_GP_2024_SC_Gr,,Infratec,91915904,5.61,0.343,5.324,6.469,0,0,,,,48.98,0.91,47.098,49.831,0,0,
11/27/2024 10:55:44 AM,Rapeseed I,60073681 RA,Normal,CE329_GP_2024_SC_Gr,,Infratec,91915904,5.81,0.127,5.606,6.016,0,0,,,,47.77,0.46,46.893,48.452,0,0,
11/27/2024 11:05:17 AM,Rapeseed I,60073681 RA,Normal,CE303_GP_2024_SC_Gr,,Infratec,91915904,5.17,0.161,4.845,5.444,0,0,,,,46.9,0.366,46.356,47.428,0,0,
11/27/2024 11:17:42 AM,Rapeseed I,60073681 RA,Normal,CE307_GP_2024_SC_Gr,,Infratec,91915904,5.23,0.124,5.011,5.389,0,0,,,,49.45,0.458,48.551,50.004,0,0,
11/27/2024 11:23:58 AM,Rapeseed I,60073681 RA,Normal,CE302_GP_2024_SC_Gr,,Infratec,91915904,5.64,0.206,5.235,5.904,0,0,,,,49.14,0.548,48.525,50.308,0,0,
11/27/2024 11:28:16 AM,Rapeseed I,60073681 RA,Normal,CE328_GP_2024_SC_Gr,,Infratec,91915904,5.7,0.119,5.524,5.944,0,0,,,,48.51,0.43,47.865,49.157,0,0,
11/27/2024 11:32:13 AM,Rapeseed I,60073681 RA,Normal,CE334_GP_2024_SC_Gr,,Infratec,91915904,5.78,0.261,5.359,6.301,0,0,,,,47.61,0.74,46.388,48.39,0,0,
11/27/2024 11:37:24 AM,Rapeseed I,60073681 RA,Normal,CE300_GP_2024_SC_Gr,,Infratec,91915904,5.77,0.243,5.356,6.102,0,0,,,,47.57,0.949,45.538,48.774,0,0,
11/27/2024 11:41:51 AM,Rapeseed I,60073681 RA,Normal,CE354_GP_2024_SC_Gr,,Infratec,91915904,5.8,0.299,5.193,6.325,0,0,,,,47.61,0.887,46.141,48.591,0,0,
11/27/2024 12:00:12 PM,Rapeseed I,60073681 RA,Normal,CE251_GP_2024_SC_Gr,,Infratec,91915904,5.3,0.212,5.058,5.827,0,0,,,,42.57,0.832,41.532,43.855,0,0,
11/27/2024 12:47:50 PM,Rapeseed I,60073681 RA,Normal,CE249_GP_2024_SC_Gr,,Infratec,91915904,5.74,0.186,5.377,6.036,0,0,,,,47.6,0.59,46.686,48.706,0,0,
11/27/2024 12:52:29 PM,Rapeseed I,60073681 RA,Normal,CE204_GP_2024_SC_Gr,,Infratec,91915904,5.17,0.151,4.995,5.445,0,0,,,,44.3,0.538,43.184,45.048,0,0,
11/27/2024 12:56:52 PM,Rapeseed I,60073681 RA,Normal,CE237_GP_2024_SC_Gr,,Infratec,91915904,5.56,0.219,5.356,5.966,0,0,,,,46.64,0.762,45.658,47.925,0,0,
11/27/2024 1:01:42 PM,Rapeseed I,60073681 RA,Normal,CE218_GP_2024_SC_Gr,,Infratec,91915904,5.51,0.129,5.304,5.717,0,0,,,,47.18,0.65,46.036,48.013,0,0,
11/27/2024 1:06:25 PM,Rapeseed I,60073681 RA,Normal,CE214_GP_2024_SC_Gr,,Infratec,91915904,5.43,0.228,5.143,5.795,0,0,,,,50.63,0.457,49.749,51.365,0,0,
11/27/2024 1:11:26 PM,Rapeseed I,60073681 RA,Normal,CE232_GP_2024_SC_Gr,,Infratec,91915904,5.07,0.169,4.746,5.394,0,0,,,,49.2,0.762,47.794,49.994,0,0,
11/27/2024 1:17:16 PM,Rapeseed I,60073681 RA,Normal,CE233_GP_2024_SC_Gr,,Infratec,91915904,5.3,0.218,4.878,5.642,0,0,,,,47.52,0.459,46.46,48.115,0,0,
11/27/2024 1:21:53 PM,Rapeseed I,60073681 RA,Normal,CE212_GP_2024_SC_Gr,,Infratec,91915904,5.09,0.416,4.012,5.452,0,0,,,,50.81,0.455,49.843,51.496,0,0,
11/27/2024 1:26:38 PM,Rapeseed I,60073681 RA,Normal,CE241_GP_2024_SC_Gr,,Infratec,91915904,5.43,0.2,5.24,5.924,0,0,,,,48.63,0.42,47.781,49.059,0,0,
11/27/2024 1:31:06 PM,Rapeseed I,60073681 RA,Normal,CE236_GP_2024_SC_Gr,,Infratec,91915904,5.59,0.128,5.396,5.812,0,0,,,,47.85,0.574,46.305,48.298,0,0,
11/27/2024 1:37:35 PM,Rapeseed I,60073681 RA,Normal,CE240_GP_2024_SC_Res,,Infratec,91915904,5.06,0.134,4.858,5.251,0,0,,,,45.93,1.096,44.404,47.583,0,0,
11/27/2024 1:41:55 PM,Rapeseed I,60073681 RA,Normal,CE206_GP_2024_SC_Gr,,Infratec,91915904,5.53,0.132,5.306,5.73,0,0,,,,47.75,0.69,46.447,48.767,0,0,
11/27/2024 1:48:45 PM,Rapeseed I,60073681 RA,Normal,CE235_GP_2024_SC_Gr,,Infratec,91915904,5.71,0.139,5.505,5.877,0,0,,,,45.15,0.617,44.11,46.184,0,0,
11/27/2024 1:54:52 PM,Rapeseed I,60073681 RA,Normal,CE238_GP_2024_SC_Gr,,Infratec,91915904,5.65,0.189,5.186,5.837,0,0,,,,47.52,0.676,46.749,48.653,0,0,
11/27/2024 2:00:49 PM,Rapeseed I,60073681 RA,Normal,CE239_GP_2024_SC_Gr,,Infratec,91915904,5.62,0.242,5.278,5.969,0,0,,,,49.66,0.845,47.89,50.818,0,0,
11/27/2024 2:05:27 PM,Rapeseed I,60073681 RA,Normal,CE215_GP_2024_SC_Gr,,Infratec,91915904,5.56,0.208,5.154,5.962,0,0,,,,50.46,0.377,49.73,51,0,0,
11/27/2024 2:09:30 PM,Rapeseed I,60073681 RA,Normal,CE231_GP_2024_SC_Gr,,Infratec,91915904,5.54,0.277,5.219,6.142,0,0,,,,45.39,0.594,44.396,46.142,0,0,
11/27/2024 2:13:58 PM,Rapeseed I,60073681 RA,Normal,CE205_GP_2024_SC_Gr,,Infratec,91915904,5.39,0.102,5.2,5.483,0,0,,,,47.93,0.624,47.095,49.163,0,0,
11/27/2024 2:18:23 PM,Rapeseed I,60073681 RA,Normal,CE208_GP_2024_SC_Gr,,Infratec,91915904,5.41,0.129,5.117,5.564,0,0,,,,46.93,0.398,46.072,47.455,0,0,
11/27/2024 2:22:10 PM,Rapeseed I,60073681 RA,Normal,CE201_GP_2024_SC_Gr,,Infratec,91915904,5.24,0.288,4.908,5.79,0,0,,,,42.98,1.158,40.568,44.336,0,0,
11/27/2024 2:27:27 PM,Rapeseed I,60073681 RA,Normal,CE234_GP_2024_SC_Gr,,Infratec,91915904,5.4,0.326,4.605,5.74,0,0,,,,47.96,1.081,45.307,48.993,0,0,
11/27/2024 2:42:00 PM,Rapeseed I,60073681 RA,Normal,CE217_GP_2024_SC_Gr,,Infratec,91915904,5.54,0.304,5.254,6.275,0,0,,,,46.47,0.804,44.715,47.563,0,0,
11/27/2024 2:53:10 PM,Rapeseed I,60073681 RA,Normal,CE277_GP_2024_SC_Gr,,Infratec,91915904,5.92,0.175,5.677,6.242,0,0,,,,47.89,0.591,46.737,48.761,0,0,
11/27/2024 2:58:09 PM,Rapeseed I,60073681 RA,Normal,CE246_GP_2024_SC_Gr,,Infratec,91915904,5.45,0.205,5.158,5.865,0,0,,,,51.23,0.578,50.181,52.3,0,0,
11/27/2024 3:03:08 PM,Rapeseed I,60073681 RA,Normal,CE230_GP_2024_SC_Gr,,Infratec,91915904,5.59,0.203,5.401,6.058,0,0,,,,44.85,0.655,43.556,45.43,0,0,
11/27/2024 3:07:50 PM,Rapeseed I,60073681 RA,Normal,CE289_GP_2024_SC_Gr,,Infratec,91915904,5.6,0.202,5.138,5.879,0,0,,,,47.32,0.73,46.414,48.564,0,0,
11/27/2024 3:12:04 PM,Rapeseed I,60073681 RA,Normal,CE291_GP_2024_SC_Gr,,Infratec,91915904,5.44,0.119,5.302,5.639,0,0,,,,43.2,0.461,42.651,43.961,0,0,
11/27/2024 3:15:06 PM,Rapeseed I,60073681 RA,Normal,CE298_GP_2024_SC_Gr,,Infratec,91915904,6.73,0.083,6.597,6.834,0,0,,,,44.87,0.548,44.008,45.768,0,0,
12/3/2024 2:03:36 PM,Rapeseed I,60073681 RA,Normal,CE248_GP_2024_SC_Gr,,Infratec,91915904,6.02,0.136,5.856,6.332,0,0,,,,44.44,0.723,43.505,45.546,0,0,
12/3/2024 2:05:27 PM,Rapeseed I,60073681 RA,Normal,CE288_GP_2024_SC_Gr,,Infratec,91915904,5.49,0.23,4.944,5.844,0,0,,,,50.32,0.915,48.072,51.101,0,0,
12/3/2024 2:06:58 PM,Rapeseed I,60073681 RA,Normal,CE290_GP_2024_SC_Gr,,Infratec,91915904,5.47,0.292,4.942,6.007,0,0,,,,50.17,0.572,49.373,50.977,0,0,
12/3/2024 2:08:38 PM,Rapeseed I,60073681 RA,Normal,CE292_GP_2024_SC_Gr,,Infratec,91915904,5.69,0.243,5.413,6.084,0,0,,,,41.21,0.594,40.194,41.83,0,0,
12/3/2024 2:10:12 PM,Rapeseed I,60073681 RA,Normal,CE223_GP_2024_SC_Gr,,Infratec,91915904,6.18,0.277,5.904,6.732,0,0,,,,39.37,0.621,38.619,40.668,0,0,
12/3/2024 2:11:49 PM,Rapeseed I,60073681 RA,Normal,CE242_GP_2024_SC_Gr,,Infratec,91915904,5.72,0.152,5.448,5.943,0,0,,,,49.19,0.64,48.343,50.268,0,0,
12/3/2024 2:13:38 PM,Rapeseed I,60073681 RA,Normal,CE219_GP_2024_SC_Gr,,Infratec,91915904,5.61,0.237,5.113,6.006,0,0,,,,48.45,0.786,46.771,49.416,0,0,
12/3/2024 2:15:19 PM,Rapeseed I,60073681 RA,Normal,CE272_GP_2024_SC_Gr,,Infratec,91915904,6.01,0.251,5.746,6.546,0,0,,,,46.86,0.579,45.982,47.372,0,0,
12/3/2024 2:17:18 PM,Rapeseed I,60073681 RA,Normal,CE287_GP_2024_SC_Gr,,Infratec,91915904,5.84,0.42,4.887,6.386,0,0,,,,47.42,0.727,46.25,48.403,0,0,
12/3/2024 2:20:08 PM,Rapeseed I,60073681 RA,Normal,CE213_GP_2024_SC_Gr,,Infratec,91915904,6.15,0.168,5.81,6.428,0,0,,,,49.74,0.5,48.873,50.513,0,0,
12/3/2024 2:21:58 PM,Rapeseed I,60073681 RA,Normal,CE299_GP_2024_SC_Gr,,Infratec,91915904,6.15,0.156,5.857,6.369,0,0,,,,47.43,0.459,46.774,48.153,0,0,
12/3/2024 2:23:59 PM,Rapeseed I,60073681 RA,Normal,CE266_GP_2024_SC_Gr,,Infratec,91915904,6.01,0.11,5.852,6.238,0,0,,,,47.26,0.417,46.559,47.823,0,0,
12/3/2024 2:25:50 PM,Rapeseed I,60073681 RA,Normal,CE207_GP_2024_SC_Gr,,Infratec,91915904,6.22,0.117,6.019,6.415,0,0,,,,46.68,0.605,45.638,47.657,0,0,
12/3/2024 2:27:24 PM,Rapeseed I,60073681 RA,Normal,CE273_GP_2024_SC_Gr,,Infratec,91915904,6.32,0.576,5.847,7.713,0,0,,,,42.42,0.471,41.83,43.135,0,0,
12/3/2024 2:28:59 PM,Rapeseed I,60073681 RA,Normal,CE227_GP_2024_SC_Gr,,Infratec,91915904,6.43,0.275,6.059,7.06,0,0,,,,38.81,0.711,37.796,39.999,0,0,
12/3/2024 2:30:30 PM,Rapeseed I,60073681 RA,Normal,CE209_GP_2024_SC_Gr,,Infratec,91915904,6.19,0.32,5.768,6.974,0,0,,,,47.22,0.712,46.121,48.336,0,0,
12/3/2024 2:33:18 PM,Rapeseed I,60073681 RA,Normal,CE203_GP_2024_SC_Gr,,Infratec,91915904,6.1,0.279,5.851,6.755,0,0,,,,41.39,0.557,40.298,42.194,0,0,
12/3/2024 2:35:02 PM,Rapeseed I,60073681 RA,Normal,CE254_GP_2024_SC_Gr,,Infratec,91915904,6.02,0.113,5.891,6.203,0,0,,,,46.95,0.716,45.095,47.774,0,0,
12/3/2024 2:36:42 PM,Rapeseed I,60073681 RA,Normal,CE250_GP_2024_SC_Gr,,Infratec,91915904,5.97,0.163,5.74,6.174,0,0,,,,48.96,0.594,48.044,49.914,0,0,
12/3/2024 2:38:23 PM,Rapeseed I,60073681 RA,Normal,CE244_GP_2024_SC_Gr,,Infratec,91915904,5.66,0.156,5.461,5.953,0,0,,,,47.16,0.489,46.632,48.046,0,0,
12/3/2024 2:40:05 PM,Rapeseed I,60073681 RA,Normal,CE202_GP_2024_SC_Gr,,Infratec,91915904,6.14,0.214,5.798,6.44,0,0,,,,42.75,0.584,41.619,43.829,0,0,
12/3/2024 2:41:52 PM,Rapeseed I,60073681 RA,Normal,CE270_GP_2024_SC_Gr,,Infratec,91915904,5.41,0.133,5.22,5.583,0,0,,,,48.46,0.723,47.135,49.277,0,0,
12/3/2024 2:43:31 PM,Rapeseed I,60073681 RA,Normal,CE210_GP_2024_SC_Gr,,Infratec,91915904,6.23,0.23,5.918,6.685,0,0,,,,45.72,0.436,45.042,46.513,0,0,
12/3/2024 2:45:05 PM,Rapeseed I,60073681 RA,Normal,CE297_GP_2024_SC_Gr,,Infratec,91915904,6.51,0.222,6.13,6.84,0,0,,,,40.22,0.627,39.367,41.222,0,0,
12/5/2024 7:26:04 AM,Rapeseed I,60073681 RA,Normal,CE419_GP_2024_SC_Gr,,Infratec,91915904,5.46,0.07,5.343,5.587,0,0,,,,46.93,0.471,46.116,47.503,0,0,
12/5/2024 7:32:54 AM,Rapeseed I,60073681 RA,Normal,CE401_GP_2024_SC_Gr,,Infratec,91915904,5.55,0.12,5.351,5.712,0,0,,,,50.66,0.364,50.145,51.304,0,0,
12/5/2024 7:37:45 AM,Rapeseed I,60073681 RA,Normal,CE420_GP_2024_SC_Gr,,Infratec,91915904,6.26,0.22,5.989,6.634,0,0,,,,43.54,1.078,42.123,45.292,0,0,
12/5/2024 7:41:22 AM,Rapeseed I,60073681 RA,Normal,CE421_GP_2024_SC_Gr,,Infratec,91915904,5.84,0.099,5.65,5.953,0,0,,,,47.92,0.452,46.97,48.589,0,0,
12/5/2024 7:45:21 AM,Rapeseed I,60073681 RA,Normal,CE425_GP_2024_SC_Gr,,Infratec,91915904,5.54,0.184,5.31,5.842,0,0,,,,51.61,0.409,50.72,52.195,0,0,
12/5/2024 7:49:13 AM,Rapeseed I,60073681 RA,Normal,CE402_GP_2024_SC_Gr,,Infratec,91915904,5.37,0.235,5.014,5.777,0,0,,,,50.43,0.755,48.813,51.023,0,0,
12/5/2024 7:54:44 AM,Rapeseed I,60073681 RA,Normal,CE424_GP_2024_SC_Gr,,Infratec,91915904,6.01,0.178,5.679,6.235,0,0,,,,49.16,0.648,48.133,50.159,0,0,
12/5/2024 7:58:51 AM,Rapeseed I,60073681 RA,Normal,CE359_GP_2024_SC_Gr,,Infratec,91915904,5.84,0.118,5.656,5.992,0,0,,,,51.17,0.354,50.304,51.638,0,0,
12/5/2024 8:16:29 AM,Rapeseed I,60073681 RA,Normal,CE400_GP_2024_SC_Gr,,Infratec,91915904,6.06,0.162,5.728,6.28,0,0,,,,50.31,0.52,49.004,50.827,0,0,
12/5/2024 8:20:58 AM,Rapeseed I,60073681 RA,Normal,CE422_GP_2024_SC_Gr,,Infratec,91915904,6.06,0.223,5.638,6.434,0,0,,,,50.48,0.697,49.357,51.943,0,0,
12/5/2024 8:24:43 AM,Rapeseed I,60073681 RA,Normal,CE423_GP_2024_SC_Gr,,Infratec,91915904,5.85,0.381,4.852,6.131,0,0,,,,51.69,0.641,50.137,52.451,0,0,
12/5/2024 8:32:16 AM,Rapeseed I,60073681 RA,Normal,CE371_GP_2024_SC_Gr,,Infratec,91915904,5.77,0.215,5.517,6.216,0,0,,,,41.52,0.767,40.464,42.625,0,0,
12/5/2024 8:36:30 AM,Rapeseed I,60073681 RA,Normal,CE395_GP_2024_SC_Gr,,Infratec,91915904,5.75,0.18,5.534,5.997,0,0,,,,46.46,0.778,44.469,47.392,0,0,
12/5/2024 8:47:01 AM,Rapeseed I,60073681 RA,Normal,CE330_GP_2024_SC_Gr,,Infratec,91915904,5.66,0.139,5.46,5.914,0,0,,,,46.75,0.565,45.732,47.292,0,0,
12/5/2024 8:55:50 AM,Rapeseed I,60073681 RA,Normal,CE378_GP_2024_SC_Gr,,Infratec,91915904,5.77,0.194,5.586,6.158,0,0,,,,49.55,0.224,49.199,49.989,0,0,
12/5/2024 1:21:07 PM,Rapeseed I,60073681 RA,Normal,CE372_GP_2024_SC_Gr,,Infratec,91915904,5.65,0.189,5.334,5.98,0,0,,,,48.08,0.651,46.621,48.789,0,0,
12/5/2024 1:25:48 PM,Rapeseed I,60073681 RA,Normal,CE350_GP_2024_SC_Gr,,Infratec,91915904,5.52,0.167,5.147,5.718,0,0,,,,49.32,0.668,48.259,50.042,0,0,
12/5/2024 1:29:51 PM,Rapeseed I,60073681 RA,Normal,CE399_GP_2024_SC_Gr,,Infratec,91915904,5.52,0.129,5.359,5.688,0,0,,,,51.07,0.229,50.877,51.663,0,0,
12/5/2024 1:34:56 PM,Rapeseed I,60073681 RA,Normal,CE394_GP_2024_SC_Gr,,Infratec,91915904,6.06,0.154,5.832,6.263,0,0,,,,46.19,0.475,45.358,46.752,0,0,
12/5/2024 1:43:27 PM,Rapeseed I,60073681 RA,Normal,CE381_GP_2024_SC_Gr,,Infratec,91915904,5.62,0.214,5.258,5.901,0,0,,,,49.82,0.532,48.746,50.646,0,0,
12/5/2024 1:47:24 PM,Rapeseed I,60073681 RA,Normal,CE376_GP_2024_SC_Gr,,Infratec,91915904,5.73,0.205,5.342,6.131,0,0,,,,50.53,0.357,50.014,51.105,0,0,
12/5/2024 1:56:28 PM,Rapeseed I,60073681 RA,Normal,CE373_GP_2024_SC_Gr,,Infratec,91915904,6.06,0.203,5.67,6.32,0,0,,,,50.03,0.547,48.731,50.606,0,0,
12/5/2024 2:02:16 PM,Rapeseed I,60073681 RA,Normal,CE325_GP_2024_SC_Gr,,Infratec,91915904,6,0.195,5.647,6.347,0,0,,,,45.72,0.749,44.438,46.542,0,0,
12/5/2024 2:10:26 PM,Rapeseed I,60073681 RA,Normal,CE335_GP_2024_SC_Gr,,Infratec,91915904,5.84,0.506,4.731,6.381,0,0,,,,51.51,0.667,49.909,52.26,0,0,
12/5/2024 2:15:46 PM,Rapeseed I,60073681 RA,Normal,CE323_GP_2024_SC_Gr,,Infratec,91915904,6.56,0.344,6.088,7.316,0,0,,,,39.38,1.228,37.965,41.357,0,0,
12/5/2024 2:21:42 PM,Rapeseed I,60073681 RA,Normal,CE326_GP_2024_SC_Gr,,Infratec,91915904,6.33,0.335,5.618,6.832,0,0,,,,49.2,0.799,48.102,50.648,0,0,
12/5/2024 2:28:32 PM,Rapeseed I,60073681 RA,Normal,CE310_GP_2024_SC_Gr,,Infratec,91915904,5.63,0.366,4.886,6.047,0,0,,,,51.95,0.711,50.457,53.032,0,0,
12/5/2024 2:40:25 PM,Rapeseed I,60073681 RA,Normal,CE351_GP_2024_SC_Gr,,Infratec,91915904,6.63,0.218,6.391,7.006,0,0,,,,44.19,0.986,43.076,46.264,0,0,
12/5/2024 2:48:01 PM,Rapeseed I,60073681 RA,Normal,CE374_GP_2024_SC_Gr,,Infratec,91915904,6.68,0.316,6.438,7.496,0,0,,,,47.39,0.668,45.87,48.229,0,0,
12/5/2024 2:55:44 PM,Rapeseed I,60073681 RA,Normal,CE312_GP_2024_SC_Gr,,Infratec,91915904,5.89,0.202,5.613,6.199,0,0,,,,51.6,0.398,50.944,52.244,0,0,
12/5/2024 3:02:11 PM,Rapeseed I,60073681 RA,Normal,CE398_GP_2024_SC_Gr,,Infratec,91915904,6.13,0.181,5.831,6.325,0,0,,,,48.97,0.71,47.663,50,0,0,
12/5/2024 3:08:02 PM,Rapeseed I,60073681 RA,Normal,CE397_GP_2024_SC_Gr,,Infratec,91915904,5.7,0.197,5.424,6.133,0,0,,,,49.52,0.35,49.198,50.231,0,0,
12/5/2024 3:11:35 PM,Rapeseed I,60073681 RA,Normal,CE360_GP_2024_SC_Gr,,Infratec,91915904,5.93,0.14,5.726,6.124,0,0,,,,46.21,0.461,45.379,46.834,0,0,
12/5/2024 3:17:06 PM,Rapeseed I,60073681 RA,Normal,CE375_GP_2024_SC_Gr,,Infratec,91915904,6.36,0.145,6.092,6.526,0,0,,,,50.51,0.517,49.297,51.188,0,0,
12/5/2024 3:20:29 PM,Rapeseed I,60073681 RA,Normal,CE380_GP_2024_SC_Gr,,Infratec,91915904,6.26,0.237,5.956,6.641,0,0,,,,51.13,0.711,49.982,52.66,0,0,
12/5/2024 3:23:35 PM,Rapeseed I,60073681 RA,Normal,CE379_GP_2024_SC_Gr,,Infratec,91915904,6.48,0.153,6.215,6.665,0,0,,,,51.95,0.706,50.483,53.379,0,0,
12/5/2024 3:27:07 PM,Rapeseed I,60073681 RA,Normal,CE357_GP_2024_SC_Gr,,Infratec,91915904,6.12,0.258,5.616,6.559,0,0,,,,49.95,0.933,48.628,51.226,0,0,
12/5/2024 3:29:47 PM,Rapeseed I,60073681 RA,Normal,CE349_GP_2024_SC_Gr,,Infratec,91915904,6.75,0.343,6.321,7.305,0,0,,,,49.95,0.546,48.925,50.554,0,0,
12/10/2024 11:14:37 AM,Rapeseed I,60073681 RA,Normal,CE8_GP_2024_SC_Gr,,Infratec,91915904,4.91,0.472,4.386,6.163,0,0,,,,45.68,0.478,45.181,46.668,0,0,
12/10/2024 11:16:38 AM,Rapeseed I,60073681 RA,Normal,CE87_GP_2024_SC_Gr,,Infratec,91915904,4.96,0.149,4.79,5.22,0,0,,,,48.95,0.224,48.596,49.342,0,0,
12/10/2024 11:18:14 AM,Rapeseed I,60073681 RA,Normal,CE16_GP_2024_SC_Gr,,Infratec,91915904,4.8,0.112,4.706,5.041,0,0,,,,46.11,0.514,45.19,46.772,0,0,
12/10/2024 11:19:59 AM,Rapeseed I,60073681 RA,Normal,CE97_GP_2024_SC_Gr,,Infratec,91915904,4.78,0.067,4.7,4.884,0,0,,,,43.5,0.482,42.827,44.139,0,0,
12/10/2024 11:21:58 AM,Rapeseed I,60073681 RA,Normal,CE57_GP_2024_SC_Gr,,Infratec,91915904,4.91,0.206,4.545,5.213,0,0,,,,47.2,0.46,46.21,47.626,0,0,
12/10/2024 11:23:41 AM,Rapeseed I,60073681 RA,Normal,CE93_GP_2024_SC_Gr,,Infratec,91915904,4.73,0.121,4.432,4.853,0,0,,,,44.94,0.445,44.507,45.688,0,0,
12/10/2024 11:25:19 AM,Rapeseed I,60073681 RA,Normal,CE56_GP_2024_SC_Gr,,Infratec,91915904,5.19,0.181,4.84,5.476,0,0,,,,48.22,0.916,46.141,49.18,0,0,
12/10/2024 11:27:12 AM,Rapeseed I,60073681 RA,Normal,CE7_GP_2024_SC_Gr,,Infratec,91915904,5.18,0.124,4.908,5.365,0,0,,,,46.14,0.383,45.449,46.637,0,0,
12/10/2024 11:29:13 AM,Rapeseed I,60073681 RA,Normal,CE62_GP_2024_SC_Gr,,Infratec,91915904,5.23,0.115,5.002,5.358,0,0,,,,49.07,0.558,47.904,49.937,0,0,
12/10/2024 11:31:00 AM,Rapeseed I,60073681 RA,Normal,CE22_GP_2024_SC_Gr,,Infratec,91915904,5.18,0.14,4.983,5.485,0,0,,,,44.55,0.684,43.397,45.414,0,0,
12/10/2024 11:32:38 AM,Rapeseed I,60073681 RA,Normal,CE38_GP_2024_SC_Gr,,Infratec,91915904,4.91,0.189,4.524,5.208,0,0,,,,42.99,0.653,42.103,43.907,0,0,
12/10/2024 11:35:38 AM,Rapeseed I,60073681 RA,Normal,CE65_GP_2024_SC_Gr,,Infratec,91915904,4.97,0.214,4.506,5.258,0,0,,,,51.94,0.436,50.737,52.231,0,0,
12/10/2024 11:37:26 AM,Rapeseed I,60073681 RA,Normal,CE41_GP_2024_SC_Gr,,Infratec,91915904,5.03,0.283,4.519,5.451,0,0,,,,49.6,0.587,48.345,50.34,0,0,
12/10/2024 11:39:27 AM,Rapeseed I,60073681 RA,Normal,CE80_GP_2024_SC_Gr,,Infratec,91915904,5.39,0.121,5.23,5.562,0,0,,,,49.26,0.541,48.477,50.353,0,0,
12/10/2024 11:41:29 AM,Rapeseed I,60073681 RA,Normal,CE64_GP_2024_SC_Gr,,Infratec,91915904,5.02,0.476,3.941,5.891,0,0,,,,51.04,0.425,50.458,51.677,0,0,
12/10/2024 11:43:14 AM,Rapeseed I,60073681 RA,Normal,CE68_GP_2024_SC_Gr,,Infratec,91915904,5.31,0.166,5.071,5.523,0,0,,,,48.23,0.351,47.628,48.738,0,0,
12/10/2024 11:44:50 AM,Rapeseed I,60073681 RA,Normal,CE91_GP_2024_SC_Gr,,Infratec,91915904,4.94,0.44,3.953,5.72,0,0,,,,49.54,1.02,46.855,50.398,0,0,
12/10/2024 11:46:28 AM,Rapeseed I,60073681 RA,Normal,CE66_GP_2024_SC_Gr,,Infratec,91915904,5.09,0.184,4.76,5.36,0,0,,,,48.7,0.603,47.24,49.277,0,0,
12/10/2024 1:27:38 PM,Rapeseed I,60073681 RA,Normal,CE186_GP_2024_SC_Gr,,Infratec,91915904,5.75,0.201,5.485,6.133,0,0,,,,40.71,0.669,39.971,41.6,0,0,
12/10/2024 1:29:31 PM,Rapeseed I,60073681 RA,Normal,CE188_GP_2024_SC_Gr,,Infratec,91915904,5.58,0.412,5.144,6.176,0,0,,,,45.47,1.345,43.097,46.765,0,0,
12/10/2024 1:35:50 PM,Rapeseed I,60073681 RA,Normal,CE124_GP_2024_SC_Gr,,Infratec,91915904,5.25,0.186,4.994,5.617,0,0,,,,48.22,0.363,47.734,48.776,0,0,
12/10/2024 1:48:34 PM,Rapeseed I,60073681 RA,Normal,CE125_GP_2024_SC_Gr,,Infratec,91915904,5.55,0.433,5.259,6.51,0,0,,,,50.08,1.183,47.215,51.448,0,0,
12/10/2024 1:55:39 PM,Rapeseed I,60073681 RA,Normal,CE141_GP_2024_SC_Gr,,Infratec,91915904,5.4,0.21,5.128,5.7,0,0,,,,41.41,0.36,40.981,42.292,0,0,
12/10/2024 2:02:02 PM,Rapeseed I,60073681 RA,Normal,CE116_GP_2024_SC_Gr,,Infratec,91915904,5.5,0.225,5.027,5.851,0,0,,,,45.89,0.378,45.199,46.497,0,0,
12/10/2024 2:07:43 PM,Rapeseed I,60073681 RA,Normal,CE176_GP_2024_SC_Gr,,Infratec,91915904,5.9,0.127,5.705,6.179,0,0,,,,45.6,0.691,44.009,46.26,0,0,
12/10/2024 2:09:23 PM,Rapeseed I,60073681 RA,Normal,CE148_GP_2024_SC_Gr,,Infratec,91915904,5.1,0.132,4.858,5.266,0,0,,,,52.2,0.664,51.021,53.371,0,0,
12/10/2024 2:13:12 PM,Rapeseed I,60073681 RA,Normal,CE165_GP_2024_SC_Gr,,Infratec,91915904,5.54,0.133,5.346,5.753,0,0,,,,48.86,0.579,47.555,49.558,0,0,
12/10/2024 2:19:16 PM,Rapeseed I,60073681 RA,Normal,CE127_GP_2024_SC_Gr,,Infratec,91915904,5.94,0.195,5.671,6.224,0,0,,,,47.6,0.447,46.739,48.376,0,0,
12/10/2024 2:29:42 PM,Rapeseed I,60073681 RA,Normal,CE121_GP_2024_SC_Gr,,Infratec,91915904,5.99,0.177,5.771,6.305,0,0,,,,37.04,0.658,36.134,38.13,0,0,
12/10/2024 2:32:25 PM,Rapeseed I,60073681 RA,Normal,CE190_GP_2024_SC_Gr,,Infratec,91915904,5.56,0.131,5.368,5.786,0,0,,,,49.33,0.526,48.491,50.083,0,0,
12/10/2024 2:36:21 PM,Rapeseed I,60073681 RA,Normal,CE191_GP_2024_SC_Gr,,Infratec,91915904,6.01,0.263,5.522,6.419,0,0,,,,48.09,0.511,47.406,49.062,0,0,
12/10/2024 2:38:06 PM,Rapeseed I,60073681 RA,Normal,CE169_GP_2024_SC_Gr,,Infratec,91915904,5.43,0.133,5.196,5.586,0,0,,,,43.08,0.829,41.812,44.763,0,0,
12/10/2024 2:39:46 PM,Rapeseed I,60073681 RA,Normal,CE168_GP_2024_SC_Gr,,Infratec,91915904,5.45,0.261,5.157,5.97,0,0,,,,42.48,0.545,41.394,43.304,0,0,
12/10/2024 2:41:30 PM,Rapeseed I,60073681 RA,Normal,CE142_GP_2024_SC_Gr,,Infratec,91915904,5.48,0.289,5.076,6.064,0,0,,,,44.17,0.336,43.586,44.58,0,0,
12/10/2024 2:43:20 PM,Rapeseed I,60073681 RA,Normal,CE180_GP_2024_SC_Gr,,Infratec,91915904,5.73,0.211,5.458,6.077,0,0,,,,44.11,0.534,43.13,44.753,0,0,
12/10/2024 2:49:11 PM,Rapeseed I,60073681 RA,Normal,CE119_GP_2024_SC_Gr,,Infratec,91915904,5.6,0.202,5.387,5.934,0,0,,,,49.18,0.671,47.824,49.992,0,0,
12/10/2024 2:50:50 PM,Rapeseed I,60073681 RA,Normal,CE146_GP_2024_SC_Gr,,Infratec,91915904,5.63,0.25,5.464,6.321,0,0,,,,38.13,0.575,37.072,38.918,0,0,
12/10/2024 2:53:02 PM,Rapeseed I,60073681 RA,Normal,CE196_GP_2024_SC_Gr,,Infratec,91915904,5.57,0.184,5.208,5.859,0,0,,,,48.81,0.561,48.012,49.665,0,0,
12/10/2024 2:54:37 PM,Rapeseed I,60073681 RA,Normal,CE194_GP_2024_SC_Gr,,Infratec,91915904,6.05,0.161,5.864,6.366,0,0,,,,37.47,0.558,36.592,38.45,0,0,
12/10/2024 2:56:22 PM,Rapeseed I,60073681 RA,Normal,CE166_GP_2024_SC_Gr,,Infratec,91915904,5.65,0.308,5.282,6.325,0,0,,,,43.6,0.652,42.305,44.601,0,0,
12/10/2024 2:58:01 PM,Rapeseed I,60073681 RA,Normal,CE117_GP_2024_SC_Gr,,Infratec,91915904,5.73,0.243,5.518,6.369,0,0,,,,50.42,0.467,49.544,51.221,0,0,
12/10/2024 3:00:07 PM,Rapeseed I,60073681 RA,Normal,CE114_GP_2024_SC_Gr,,Infratec,91915904,5.72,0.175,5.414,6.049,0,0,,,,43.21,0.436,42.561,43.723,0,0,
12/10/2024 3:01:44 PM,Rapeseed I,60073681 RA,Normal,CE115_GP_2024_SC_Gr,,Infratec,91915904,5.72,0.23,5.487,6.047,0,0,,,,44.51,0.522,43.705,45.538,0,0,
12/10/2024 3:03:20 PM,Rapeseed I,60073681 RA,Normal,CE147_GP_2024_SC_Gr,,Infratec,91915904,6.18,0.09,6.065,6.324,0,1,,,,34.09,0.413,33.604,34.941,0,0,
12/10/2024 3:05:19 PM,Rapeseed I,60073681 RA,Normal,CE173_GP_2024_SC_Gr,,Infratec,91915904,5.51,0.149,5.249,5.704,0,0,,,,35.68,0.524,34.878,36.472,0,0,
12/10/2024 3:07:01 PM,Rapeseed I,60073681 RA,Normal,CE157_GP_2024_SC_Gr,,Infratec,91915904,5.94,0.199,5.677,6.281,0,0,,,,44.2,0.527,43.269,45.155,0,0,
12/10/2024 3:13:15 PM,Rapeseed I,60073681 RA,Normal,CE199_GP_2024_SC_Gr,,Infratec,91915904,5.78,0.373,5.401,6.744,0,0,,,,37.8,0.582,36.837,38.604,0,0,
12/10/2024 3:14:51 PM,Rapeseed I,60073681 RA,Normal,CE133_GP_2024_SC_Gr,,Infratec,91915904,6.05,0.165,5.839,6.308,0,0,,,,44.94,0.573,43.955,45.765,0,0,
12/10/2024 3:20:25 PM,Rapeseed I,60073681 RA,Normal,CE137_GP_2024_SC_Gr,,Infratec,91915904,5.84,0.24,5.563,6.295,0,0,,,,49.54,0.554,48.45,50.198,0,0,
12/10/2024 3:24:34 PM,Rapeseed I,60073681 RA,Normal,CE172_GP_2024_SC_Gr,,Infratec,91915904,,,,,,,,,,,,,,,,
12/10/2024 3:32:54 PM,Rapeseed I,60073681 RA,Normal,CE172_GP_2024_SC_Gr,,Infratec,91915904,5.88,0.248,5.561,6.454,0,1,,,,33.88,0.284,33.552,34.482,0,0,
12/10/2024 3:35:28 PM,Rapeseed I,60073681 RA,Normal,CE152_GP_2024_SC_Gr,,Infratec,91915904,6.2,0.266,5.845,6.614,0,0,,,,46.81,0.772,44.993,47.729,0,0,
12/10/2024 3:39:34 PM,Rapeseed I,60073681 RA,Normal,CE118_GP_2024_SC_Gr,,Infratec,91915904,5.68,0.202,5.485,6.181,0,0,,,,49.3,0.507,48.319,49.963,0,0,
12/10/2024 3:41:14 PM,Rapeseed I,60073681 RA,Normal,CE113_GP_2024_SC_Gr,,Infratec,91915904,5.67,0.232,5.414,6.14,0,0,,,,46.44,0.585,45.262,47.261,0,0,
12/10/2024 3:43:14 PM,Rapeseed I,60073681 RA,Normal,CE110_GP_2024_SC_Gr,,Infratec,91915904,5.77,0.157,5.661,6.138,0,0,,,,49.01,0.8,47.56,49.961,0,0,
12/10/2024 3:44:59 PM,Rapeseed I,60073681 RA,Normal,CE120_GP_2024_SC_Gr,,Infratec,91915904,5.46,0.217,5.197,5.928,0,0,,,,42.27,0.513,41.525,43.082,0,0,
12/10/2024 3:46:38 PM,Rapeseed I,60073681 RA,Normal,CE179_GP_2024_SC_Gr,,Infratec,91915904,5.81,0.171,5.637,6.076,0,0,,,,49.08,0.575,48.029,49.976,0,0,
12/10/2024 3:51:35 PM,Rapeseed I,60073681 RA,Normal,CE171_GP_2024_SC_Gr,,Infratec,91915904,5.91,0.177,5.704,6.262,0,0,,,,36.01,0.361,35.437,36.574,0,0,
12/10/2024 3:53:47 PM,Rapeseed I,60073681 RA,Normal,CE167_GP_2024_SC_Gr,,Infratec,91915904,5.93,0.184,5.763,6.3,0,0,,,,38.99,0.549,37.767,39.895,0,0,
12/10/2024 3:55:23 PM,Rapeseed I,60073681 RA,Normal,CE195_GP_2024_SC_Gr,,Infratec,91915904,5.16,0.222,4.839,5.543,0,0,,,,49.89,0.365,49.093,50.398,0,0,
12/10/2024 3:57:51 PM,Rapeseed I,60073681 RA,Normal,CE145_GP_2024_SC_Gr,,Infratec,91915904,5.44,0.175,5.25,5.805,0,0,,,,40.95,0.359,40.278,41.58,0,0,
12/10/2024 3:59:34 PM,Rapeseed I,60073681 RA,Normal,CE198_GP_2024_SC_Gr,,Infratec,91915904,6.05,0.138,5.857,6.232,0,1,,,,35.33,0.355,34.798,35.905,0,0,
12/10/2024 4:01:15 PM,Rapeseed I,60073681 RA,Normal,CE174_GP_2024_SC_Gr,,Infratec,91915904,5.4,0.116,5.166,5.563,0,0,,,,47.43,0.894,45.189,48.179,0,0,
12/10/2024 4:02:54 PM,Rapeseed I,60073681 RA,Normal,CE144_GP_2024_SC_Gr,,Infratec,91915904,5.34,0.114,5.139,5.545,0,0,,,,44.55,0.323,44.192,45.11,0,0,
12/17/2024 3:01:45 PM,Rapeseed I,60073681 RA,Normal,CW598_GP_2024_SC_Gr,,Infratec,91915904,6.02,0.276,5.786,6.537,0,0,,,,40.32,0.51,39.611,41.371,0,0,
12/17/2024 3:04:15 PM,Rapeseed I,60073681 RA,Normal,CW560_GP_2024_SC_Gr,,Infratec,91915904,5.84,0.212,5.449,6.271,0,0,,,,45.33,0.389,44.548,45.862,0,0,
12/17/2024 3:12:17 PM,Rapeseed I,60073681 RA,Normal,CW552_GP_2024_SC_Res,,Infratec,91915904,6.02,0.236,5.734,6.308,0,0,,,,47.93,0.686,46.481,48.743,0,0,
12/17/2024 3:14:49 PM,Rapeseed I,60073681 RA,Normal,CW580_GP_2024_SC_Gr,,Infratec,91915904,5.82,0.261,5.504,6.29,0,0,,,,42.33,0.567,41.713,43.444,0,0,
12/17/2024 3:17:07 PM,Rapeseed I,60073681 RA,Normal,CW551_GP_2024_SC_Gr,,Infratec,91915904,5.78,0.219,5.585,6.172,0,0,,,,48.7,0.603,47.388,49.433,0,0,
12/17/2024 3:19:32 PM,Rapeseed I,60073681 RA,Normal,CW549_GP_2024_SC_Gr,,Infratec,91915904,5.43,0.19,5.183,5.803,0,0,,,,46.35,0.827,44.794,47.346,0,0,
12/17/2024 3:21:20 PM,Rapeseed I,60073681 RA,Normal,CW534_GP_2024_SC_Gr,,Infratec,91915904,5.48,0.143,5.253,5.705,0,0,,,,50.58,0.432,49.634,51.028,0,0,
12/17/2024 3:23:43 PM,Rapeseed I,60073681 RA,Normal,CW506_GP_2024_SC_Gr,,Infratec,91915904,5.37,0.095,5.219,5.531,0,0,,,,50.16,1.04,48.072,51.058,0,0,
12/17/2024 3:26:17 PM,Rapeseed I,60073681 RA,Normal,CW572_GP_2024_SC_Gr,,Infratec,91915904,6.16,0.147,5.928,6.373,0,0,,,,39.33,0.673,38.213,40.173,0,0,
12/17/2024 3:29:23 PM,Rapeseed I,60073681 RA,Normal,CW594_GP_2024_SC_Gr,,Infratec,91915904,5.61,0.203,5.257,5.87,0,0,,,,49.18,0.894,46.962,50.193,0,0,
12/17/2024 3:31:10 PM,Rapeseed I,60073681 RA,Normal,CW516_GP_2024_SC_Gr,,Infratec,91915904,6.15,0.172,5.776,6.341,0,0,,,,43.93,0.742,42.98,45.095,0,0,
12/17/2024 3:33:53 PM,Rapeseed I,60073681 RA,Normal,CW569_GP_2024_SC_Gr,,Infratec,91915904,5.53,0.132,5.329,5.808,0,0,,,,45.55,0.525,44.805,46.332,0,0,
12/17/2024 3:36:03 PM,Rapeseed I,60073681 RA,Normal,CW530_GP_2024_SC_Gr,,Infratec,91915904,6.01,0.213,5.628,6.403,0,0,,,,46.9,0.855,45.303,47.772,0,0,
12/17/2024 3:37:59 PM,Rapeseed I,60073681 RA,Normal,CW505_GP_2024_SC_Gr,,Infratec,91915904,6.18,0.271,5.979,6.884,0,0,,,,46.12,0.643,45.367,47.258,0,0,
12/17/2024 3:39:53 PM,Rapeseed I,60073681 RA,Normal,CW536_GP_2024_SC_Gr,,Infratec,91915904,5.26,0.069,5.11,5.334,0,0,,,,48.6,0.447,47.601,49.313,0,0,
12/17/2024 3:41:49 PM,Rapeseed I,60073681 RA,Normal,CW599_GP_2024_SC_Gr,,Infratec,91915904,5.27,0.161,5.079,5.553,0,0,,,,50.43,0.488,49.802,51.08,0,0,
12/17/2024 3:44:01 PM,Rapeseed I,60073681 RA,Normal,CW519_GP_2024_SC_Gr,,Infratec,91915904,5.45,0.413,4.785,6.375,0,0,,,,46.05,0.772,45.085,46.954,0,0,
12/17/2024 3:45:59 PM,Rapeseed I,60073681 RA,Normal,CW531_GP_2024_SC_Gr,,Infratec,91915904,5.42,0.17,5.222,5.728,0,0,,,,44.25,0.544,42.884,44.845,0,0,
12/17/2024 3:48:01 PM,Rapeseed I,60073681 RA,Normal,CW566_GP_2024_SC_Gr,,Infratec,91915904,6.06,0.127,5.882,6.259,0,0,,,,46.38,0.614,45.323,47.486,0,0,
12/17/2024 3:50:10 PM,Rapeseed I,60073681 RA,Normal,CW593_GP_2024_SC_Gr,,Infratec,91915904,5.84,0.176,5.61,6.203,0,0,,,,49.12,0.538,48.347,49.847,0,0,
12/17/2024 3:52:07 PM,Rapeseed I,60073681 RA,Normal,CW517_GP_2024_SC_Gr,,Infratec,91915904,6.05,0.207,5.813,6.449,0,0,,,,48.52,0.803,46.628,49.469,0,0,
12/17/2024 3:54:01 PM,Rapeseed I,60073681 RA,Normal,CW631_GP_2024_SC_Gr,,Infratec,91915904,6.14,0.189,5.897,6.424,0,0,,,,48.67,0.711,47.603,49.948,0,0,
12/17/2024 3:55:47 PM,Rapeseed I,60073681 RA,Normal,CW610_GP_2024_SC_Gr,,Infratec,91915904,5.75,0.145,5.486,5.954,0,0,,,,50.13,0.671,49.04,51.473,0,0,
12/17/2024 3:57:50 PM,Rapeseed I,60073681 RA,Normal,CW603_GP_2024_SC_Gr,,Infratec,91915904,5.98,0.128,5.853,6.249,0,0,,,,40.8,0.803,39.538,42.525,0,0,
12/17/2024 3:59:48 PM,Rapeseed I,60073681 RA,Normal,CW643_GP_2024_SC_Gr,,Infratec,91915904,5.58,0.201,5.286,5.879,0,0,,,,45.52,0.571,44.735,46.916,0,0,
12/17/2024 4:01:54 PM,Rapeseed I,60073681 RA,Normal,CW637_GP_2024_SC_Gr,,Infratec,91915904,7.06,0.177,6.813,7.377,0,1,,,,32.35,0.086,32.192,32.455,0,1,
12/17/2024 4:07:30 PM,Rapeseed I,60073681 RA,Normal,CW672_GP_2024_SC_Gr,,Infratec,91915904,5.28,0.203,4.975,5.649,0,0,,,,45.4,0.816,44.59,46.932,0,0,
12/17/2024 4:10:23 PM,Rapeseed I,60073681 RA,Normal,CW614_GP_2024_SC_Gr,,Infratec,91915904,5.35,0.121,5.123,5.487,0,0,,,,49.43,0.365,48.774,50.072,0,0,
12/17/2024 4:12:20 PM,Rapeseed I,60073681 RA,Normal,CW613_GP_2024_SC_Gr,,Infratec,91915904,6,0.297,5.736,6.799,0,0,,,,49.91,0.885,47.59,50.559,0,0,
12/17/2024 4:14:16 PM,Rapeseed I,60073681 RA,Normal,CW628_GP_2024_SC_Gr,,Infratec,91915904,5.71,0.173,5.448,6.089,0,0,,,,49.98,0.483,49.187,50.515,0,0,
12/17/2024 4:16:25 PM,Rapeseed I,60073681 RA,Normal,CW615_GP_2024_SC_Gr,,Infratec,91915904,5.78,0.152,5.537,6.007,0,0,,,,47.41,0.766,45.621,48.335,0,0,
12/17/2024 4:18:14 PM,Rapeseed I,60073681 RA,Normal,CW641_GP_2024_SC_Gr,,Infratec,91915904,6.06,0.135,5.887,6.277,0,0,,,,47.28,0.419,46.48,47.932,0,0,
12/18/2024 9:16:18 AM,Rapeseed I,60073681 RA,Normal,CW611_GP_2024_SC_Gr,,Infratec,91915904,5.97,0.213,5.708,6.399,0,0,,,,41.73,0.691,40.258,42.681,0,0,
12/18/2024 9:19:16 AM,Rapeseed I,60073681 RA,Normal,CW567_GP_2024_SC_Gr,,Infratec,91915904,5.28,0.086,5.185,5.417,0,0,,,,49.24,0.353,48.841,50.012,0,0,
12/18/2024 9:21:01 AM,Rapeseed I,60073681 RA,Normal,CW654_GP_2024_SC_Gr,,Infratec,91915904,5.76,0.249,5.423,6.246,0,0,,,,37.52,0.43,36.956,38.313,0,0,
12/18/2024 9:23:02 AM,Rapeseed I,60073681 RA,Normal,CW626_GP_2024_SC_Gr,,Infratec,91915904,6.23,0.185,5.998,6.508,0,0,,,,48.03,0.532,47.17,48.745,0,0,
12/18/2024 9:25:03 AM,Rapeseed I,60073681 RA,Normal,CW627_GP_2024_SC_Gr,,Infratec,91915904,6.12,0.174,5.812,6.37,0,0,,,,47.72,1.2,45.823,49.734,0,0,
12/18/2024 9:26:44 AM,Rapeseed I,60073681 RA,Normal,CW604_GP_2024_SC_Gr,,Infratec,91915904,5.63,0.129,5.45,5.834,0,0,,,,48.35,0.533,47.572,49.139,0,0,
12/18/2024 9:28:38 AM,Rapeseed I,60073681 RA,Normal,CW601_GP_2024_SC_Gr,,Infratec,91915904,5.7,0.184,5.429,6.023,0,0,,,,45.69,0.373,45.052,46.341,0,0,
12/18/2024 9:32:42 AM,Rapeseed I,60073681 RA,Normal,CW646_GP_2024_SC_Gr,,Infratec,91915904,5.16,0.169,4.926,5.454,0,0,,,,50.21,0.295,49.548,50.713,0,0,
12/18/2024 9:34:26 AM,Rapeseed I,60073681 RA,Normal,CW634_GP_2024_SC_Gr,,Infratec,91915904,5.75,0.161,5.417,5.945,0,0,,,,50.49,0.219,50.222,50.801,0,0,
12/18/2024 9:36:56 AM,Rapeseed I,60073681 RA,Normal,CW635_GP_2024_SC_Gr,,Infratec,91915904,5.28,0.127,5.063,5.499,0,0,,,,46.4,0.525,45.571,46.93,0,0,
12/18/2024 9:38:53 AM,Rapeseed I,60073681 RA,Normal,CW633_GP_2024_SC_Gr,,Infratec,91915904,5.76,0.221,5.519,6.138,0,0,,,,48.71,0.573,47.644,49.573,0,0,
12/18/2024 9:40:38 AM,Rapeseed I,60073681 RA,Normal,CW620_GP_2024_SC_Gr,,Infratec,91915904,5.54,0.193,5.351,5.833,0,0,,,,39.44,0.564,38.638,40.457,0,0,
12/18/2024 9:42:33 AM,Rapeseed I,60073681 RA,Normal,CW617_GP_2024_SC_Gr,,Infratec,91915904,5.82,0.189,5.586,6.271,0,0,,,,47.38,0.558,46.204,48.112,0,0,
12/18/2024 9:45:22 AM,Rapeseed I,60073681 RA,Normal,CW669_GP_2024_SC_Gr,,Infratec,91915904,5.93,0.226,5.662,6.425,0,0,,,,40.79,0.512,39.86,41.45,0,0,
12/18/2024 9:52:10 AM,Rapeseed I,60073681 RA,Normal,CW659_GP_2024_SC_Gr,,Infratec,91915904,5.59,0.157,5.374,5.863,0,0,,,,41.89,0.748,40.735,43.168,0,0,
12/18/2024 9:54:35 AM,Rapeseed I,60073681 RA,Normal,CW665_GP_2024_SC_Gr,,Infratec,91915904,6.09,0.126,5.937,6.311,0,1,,,,34.14,0.249,33.724,34.57,0,0,
12/18/2024 9:59:52 AM,Rapeseed I,60073681 RA,Normal,CW636_GP_2024_SC_Gr,,Infratec,91915904,5.28,0.155,4.997,5.514,0,0,,,,40.24,0.551,39.648,41.106,0,0,
12/18/2024 10:04:27 AM,Rapeseed I,60073681 RA,Normal,CW675_GP_2024_SC_Gr,,Infratec,91915904,,,,,,,,,,,,,,,,
12/18/2024 10:05:01 AM,Rapeseed I,60073681 RA,Normal,CW675_GP_2024_SC_Gr,,Infratec,91915904,5.62,0.099,5.457,5.749,0,0,,,,36.84,0.628,35.481,37.586,0,0,
12/18/2024 10:14:53 AM,Rapeseed I,60073681 RA,Normal,CW619_GP_2024_SC_Gr,,Infratec,91915904,5.4,0.154,5.185,5.725,0,0,,,,43.93,0.541,42.978,44.741,0,0,
12/18/2024 10:17:12 AM,Rapeseed I,60073681 RA,Normal,CW629_GP_2024_SC_Gr,,Infratec,91915904,5.48,0.085,5.349,5.596,0,0,,,,52.05,0.427,51.534,53.022,0,0,
12/18/2024 10:19:02 AM,Rapeseed I,60073681 RA,Normal,CW602_GP_2024_SC_Gr,,Infratec,91915904,5.49,0.166,5.313,5.874,0,0,,,,48.52,0.497,47.712,49.3,0,0,
12/18/2024 10:22:08 AM,Rapeseed I,60073681 RA,Normal,CW612_GP_2024_SC_Gr,,Infratec,91915904,6.46,0.234,6.246,6.789,0,0,,,,44.85,0.59,43.614,45.687,0,0,
12/18/2024 10:35:44 AM,Rapeseed I,60073681 RA,Normal,CW618_GP_2024_SC_Gr,,Infratec,91915904,5.52,0.094,5.373,5.647,0,0,,,,46.33,0.298,45.975,46.837,0,0,
12/18/2024 10:38:00 AM,Rapeseed I,60073681 RA,Normal,CW658_GP_2024_SC_Gr,,Infratec,91915904,5.47,0.113,5.317,5.702,0,0,,,,46.39,0.374,45.875,46.92,0,0,
12/18/2024 10:40:43 AM,Rapeseed I,60073681 RA,Normal,CW663_GP_2024_SC_Gr,,Infratec,91915904,4.96,0.195,4.708,5.355,0,0,,,,44.55,0.495,43.712,45.267,0,0,
12/18/2024 10:42:35 AM,Rapeseed I,60073681 RA,Normal,CW655_GP_2024_SC_Gr,,Infratec,91915904,5.24,0.115,5.003,5.412,0,0,,,,48.92,0.42,48.335,49.523,0,0,
12/18/2024 10:44:15 AM,Rapeseed I,60073681 RA,Normal,CW670_GP_2024_SC_Gr,,Infratec,91915904,5.27,0.179,5.037,5.661,0,0,,,,48.68,0.289,48.202,49.145,0,0,
12/18/2024 10:52:20 AM,Rapeseed I,60073681 RA,Normal,CW660_GP_2024_SC_Gr,,Infratec,91915904,5.42,0.225,5.18,5.972,0,0,,,,41.29,0.925,40.393,43.629,0,0,
12/18/2024 10:54:45 AM,Rapeseed I,60073681 RA,Normal,CW647_GP_2024_SC_Gr,,Infratec,91915904,5.02,0.106,4.816,5.182,0,0,,,,49.53,0.281,49.119,49.924,0,0,
12/18/2024 10:58:44 AM,Rapeseed I,60073681 RA,Normal,CW653_GP_2024_SC_Gr,,Infratec,91915904,,,,,,,,,,,,,,,,
12/18/2024 10:59:44 AM,Rapeseed I,60073681 RA,Normal,CW653_GP_2024_SC_Gr,,Infratec,91915904,5.86,0.218,5.589,6.306,0,0,,,,35.17,0.223,34.773,35.461,0,0,
12/18/2024 11:02:12 AM,Rapeseed I,60073681 RA,Normal,CW671_GP_2024_SC_Gr,,Infratec,91915904,5.67,0.157,5.382,5.93,0,0,,,,43.07,0.523,42.332,43.784,0,0,
12/18/2024 11:04:13 AM,Rapeseed I,60073681 RA,Normal,CW625_GP_2024_SC_Gr,,Infratec,91915904,5.7,0.191,5.444,6.056,0,0,,,,51.38,0.326,50.956,51.901,0,0,
12/18/2024 11:13:18 AM,Rapeseed I,60073681 RA,Normal,CW651_GP_2024_SC_Gr,,Infratec,91915904,6.5,0.203,6.303,6.882,0,1,,,,35.07,0.292,34.629,35.554,0,0,
12/18/2024 11:15:24 AM,Rapeseed I,60073681 RA,Normal,CW674_GP_2024_SC_Gr,,Infratec,91915904,6.55,0.177,6.297,6.772,0,0,,,,35.98,0.622,34.866,37.047,0,0,
12/18/2024 11:17:36 AM,Rapeseed I,60073681 RA,Normal,CW623_GP_2024_SC_Gr,,Infratec,91915904,5.64,0.171,5.405,6.043,0,0,,,,46.92,0.525,46.384,48.1,0,0,
12/18/2024 11:21:53 AM,Rapeseed I,60073681 RA,Normal,CW630_GP_2024_SC_Gr,,Infratec,91915904,5.48,0.096,5.303,5.658,0,0,,,,50.25,0.66,48.736,51.124,0,0,
12/18/2024 11:23:52 AM,Rapeseed I,60073681 RA,Normal,CW607_GP_2024_SC_Gr,,Infratec,91915904,5.64,0.277,5.195,6.069,0,0,,,,39.29,0.602,38.681,40.534,0,0,
12/18/2024 11:34:07 AM,Rapeseed I,60073681 RA,Normal,CW608_GP_2024_SC_Gr,,Infratec,91915904,5.79,0.174,5.544,6.06,0,0,,,,46.7,0.539,45.373,47.292,0,0,
12/18/2024 11:35:43 AM,Rapeseed I,60073681 RA,Normal,CW606_GP_2024_SC_Gr,,Infratec,91915904,5.79,0.154,5.618,6.083,0,0,,,,46.54,0.402,45.818,47.221,0,0,
12/18/2024 11:38:10 AM,Rapeseed I,60073681 RA,Normal,CW642_GP_2024_SC_Gr,,Infratec,91915904,5.96,0.237,5.656,6.478,0,0,,,,47.46,0.822,46.147,48.63,0,0,
12/18/2024 11:42:32 AM,Rapeseed I,60073681 RA,Normal,CW639_GP_2024_SC_Gr,,Infratec,91915904,5.53,0.109,5.366,5.661,0,0,,,,46,0.321,45.664,46.673,0,0,
12/18/2024 1:19:19 PM,Rapeseed I,60073681 RA,Normal,CW652_GP_2024_SC_Gr,,Infratec,91915904,5.18,0.186,4.951,5.456,0,0,,,,47.34,0.619,46.512,48.182,0,0,
12/18/2024 1:21:23 PM,Rapeseed I,60073681 RA,Normal,CW661_GP_2024_SC_Gr,,Infratec,91915904,5.26,0.181,4.901,5.509,0,0,,,,47.53,0.646,46.831,48.538,0,0,
12/18/2024 1:23:30 PM,Rapeseed I,60073681 RA,Normal,CW621_GP_2024_SC_Gr,,Infratec,91915904,6.35,0.088,6.176,6.493,0,1,,,,32.31,0.117,32.17,32.558,0,1,
12/18/2024 1:26:14 PM,Rapeseed I,60073681 RA,Normal,CW622_GP_2024_SC_Gr,,Infratec,91915904,6.25,0.259,5.973,6.718,0,0,,,,35.21,0.548,34.319,35.944,0,0,
12/18/2024 1:28:43 PM,Rapeseed I,60073681 RA,Normal,CW657_GP_2024_SC_Gr,,Infratec,91915904,5.43,0.256,5.141,5.852,0,0,,,,47.03,0.717,45.583,48.186,0,0,
12/18/2024 1:32:09 PM,Rapeseed I,60073681 RA,Normal,CW648_GP_2024_SC_Gr,,Infratec,91915904,5.97,0.267,5.66,6.416,0,0,,,,45.44,0.662,44.429,46.25,0,0,
12/18/2024 1:33:51 PM,Rapeseed I,60073681 RA,Normal,CW666_GP_2024_SC_Gr,,Infratec,91915904,5.65,0.227,5.344,6.077,0,0,,,,36.13,0.663,35.416,37.832,0,0,
12/18/2024 1:37:13 PM,Rapeseed I,60073681 RA,Normal,CW644_GP_2024_SC_Gr,,Infratec,91915904,5.73,0.178,5.545,6.158,0,0,,,,46.05,0.549,44.929,46.874,0,0,
12/18/2024 1:38:47 PM,Rapeseed I,60073681 RA,Normal,CW605_GP_2024_SC_Gr,,Infratec,91915904,7.14,0.088,7.026,7.275,0,1,,,,32.45,0.208,32.159,32.902,0,1,
12/18/2024 1:41:21 PM,Rapeseed I,60073681 RA,Normal,CW600_GP_2024_SC_Gr,,Infratec,91915904,6.04,0.213,5.602,6.285,0,0,,,,48.09,0.593,47.058,48.805,0,0,
12/18/2024 1:44:54 PM,Rapeseed I,60073681 RA,Normal,CW664_GP_2024_SC_Gr,,Infratec,91915904,5.34,0.227,4.84,5.601,0,0,,,,52.64,0.503,52.003,53.866,0,0,
12/18/2024 1:46:31 PM,Rapeseed I,60073681 RA,Normal,CW668_GP_2024_SC_Gr,,Infratec,91915904,6.57,0.131,6.321,6.717,0,0,,,,37.38,0.739,36.195,38.572,0,0,
12/18/2024 1:48:25 PM,Rapeseed I,60073681 RA,Normal,CW667_GP_2024_SC_Gr,,Infratec,91915904,6.24,0.158,6.079,6.608,0,0,,,,33.96,0.245,33.665,34.354,0,0,
12/18/2024 1:50:24 PM,Rapeseed I,60073681 RA,Normal,CW656_GP_2024_SC_Gr,,Infratec,91915904,5.85,0.185,5.619,6.15,0,0,,,,48.76,0.369,48.183,49.326,0,0,
12/18/2024 1:52:09 PM,Rapeseed I,60073681 RA,Normal,CW640_GP_2024_SC_Gr,,Infratec,91915904,5.4,0.132,5.184,5.557,0,0,,,,51.89,0.221,51.406,52.142,0,0,
12/18/2024 1:54:00 PM,Rapeseed I,60073681 RA,Normal,CW649_GP_2024_SC_Gr,,Infratec,91915904,5.72,0.387,5.356,6.659,0,0,,,,46.47,0.736,44.736,47.203,0,0,
12/18/2024 1:55:53 PM,Rapeseed I,60073681 RA,Normal,CW645_GP_2024_SC_Gr,,Infratec,91915904,6.03,0.178,5.8,6.426,0,0,,,,41.95,0.882,41.069,43.928,0,0,
12/18/2024 1:57:57 PM,Rapeseed I,60073681 RA,Normal,CW609_GP_2024_SC_Gr,,Infratec,91915904,6.21,0.107,6.05,6.37,0,0,,,,48.23,0.573,47.32,49.21,0,0,
12/18/2024 1:59:51 PM,Rapeseed I,60073681 RA,Normal,CW616_GP_2024_SC_Gr,,Infratec,91915904,5.16,0.141,4.952,5.375,0,0,,,,49.31,0.411,48.573,49.85,0,0,
12/18/2024 2:01:34 PM,Rapeseed I,60073681 RA,Normal,CW673_GP_2024_SC_Gr,,Infratec,91915904,5.24,0.142,5.017,5.424,0,0,,,,48.04,0.52,47.293,49.026,0,0,
12/18/2024 2:05:07 PM,Rapeseed I,60073681 RA,Normal,CW662_GP_2024_SC_Gr,,Infratec,91915904,5.11,0.126,4.968,5.349,0,0,,,,50.27,0.648,48.872,50.942,0,0,
12/18/2024 2:06:56 PM,Rapeseed I,60073681 RA,Normal,CW638_GP_2024_SC_Gr,,Infratec,91915904,5.05,0.119,4.918,5.29,0,0,,,,46.82,0.474,45.825,47.589,0,0,
12/18/2024 2:11:08 PM,Rapeseed I,60073681 RA,Normal,CW632_GP_2024_SC_Gr,,Infratec,91915904,5.96,0.134,5.724,6.138,0,0,,,,46,0.58,44.978,46.667,0,0,
12/18/2024 2:12:58 PM,Rapeseed I,60073681 RA,Normal,CW624_GP_2024_SC_Gr,,Infratec,91915904,5.56,0.219,5.239,5.954,0,0,,,,46.79,0.444,46.243,47.463,0,0,
12/19/2024 11:41:29 AM,Rapeseed I,60073681 RA,Normal,CW462_GP_2024_SC_Gr,,Infratec,91915904,5.47,0.106,5.261,5.579,0,0,,,,51.81,0.466,51.296,52.623,0,0,
12/19/2024 11:51:23 AM,Rapeseed I,60073681 RA,Normal,CW426_GP_2024_SC_Gr,,Infratec,91915904,5.34,0.136,5.143,5.522,0,0,,,,43.59,0.421,42.877,43.946,0,0,
12/19/2024 11:53:00 AM,Rapeseed I,60073681 RA,Normal,CW495_GP_2024_SC_Gr,,Infratec,91915904,5.61,0.322,4.83,6,0,0,,,,49.76,0.528,48.835,50.342,0,0,
12/19/2024 11:54:31 AM,Rapeseed I,60073681 RA,Normal,CW434_GP_2024_SC_Gr,,Infratec,91915904,5.9,0.189,5.6,6.188,0,0,,,,48.19,0.577,47.385,49.056,0,0,
12/19/2024 11:56:12 AM,Rapeseed I,60073681 RA,Normal,CW429_GP_2024_SC_Gr,,Infratec,91915904,5.14,0.093,5.038,5.37,0,0,,,,50.54,0.578,49.352,51.142,0,0,
12/19/2024 11:57:39 AM,Rapeseed I,60073681 RA,Normal,CW451_GP_2024_SC_Gr,,Infratec,91915904,5.64,0.204,5.36,6.116,0,0,,,,49.59,0.408,48.581,49.953,0,0,
12/19/2024 12:00:01 PM,Rapeseed I,60073681 RA,Normal,CW436_GP_2024_SC_Gr,,Infratec,91915904,5.29,0.115,5.136,5.523,0,0,,,,50.39,0.551,49.039,51.068,0,0,
12/19/2024 12:01:43 PM,Rapeseed I,60073681 RA,Normal,CW468_GP_2024_SC_Gr,,Infratec,91915904,5.82,0.142,5.643,6.056,0,0,,,,41.2,0.816,40.266,42.622,0,0,
12/19/2024 12:03:14 PM,Rapeseed I,60073681 RA,Normal,CW446_GP_2024_SC_Gr,,Infratec,91915904,5.69,0.203,5.247,5.94,0,0,,,,47.64,0.453,47.2,48.529,0,0,
12/19/2024 12:05:34 PM,Rapeseed I,60073681 RA,Normal,CW450_GP_2024_SC_Gr,,Infratec,91915904,5.84,0.197,5.605,6.16,0,0,,,,44.39,0.435,43.847,45.025,0,0,
12/19/2024 12:07:07 PM,Rapeseed I,60073681 RA,Normal,CW470_GP_2024_SC_Gr,,Infratec,91915904,5.94,0.168,5.683,6.223,0,0,,,,43.17,0.722,41.994,44.127,0,0,
12/19/2024 12:08:34 PM,Rapeseed I,60073681 RA,Normal,CW442_GP_2024_SC_Gr,,Infratec,91915904,5.79,0.174,5.586,6.098,0,0,,,,49.3,0.513,48.709,50.2,0,0,
12/19/2024 12:10:45 PM,Rapeseed I,60073681 RA,Normal,CW463_GP_2024_SC_Gr,,Infratec,91915904,5.67,0.24,5.347,6.161,0,0,,,,47.07,0.871,45.421,48.204,0,0,
12/19/2024 12:13:12 PM,Rapeseed I,60073681 RA,Normal,CW469_GP_2024_SC_Gr,,Infratec,91915904,5.72,0.218,5.496,6.167,0,0,,,,44.29,0.577,43.352,45.023,0,0,
12/19/2024 12:14:46 PM,Rapeseed I,60073681 RA,Normal,CW444_GP_2024_SC_Gr,,Infratec,91915904,5.57,0.234,5.192,5.983,0,0,,,,39.2,0.524,38.523,39.974,0,0,
12/20/2024 10:06:55 AM,Rapeseed I,60073681 RA,Normal,CW452_GP_2024_SC_Gr,,Infratec,91915904,4.87,0.134,4.702,5.088,0,0,,,,43.07,0.46,42.381,43.837,0,0,
12/20/2024 10:09:45 AM,Rapeseed I,60073681 RA,Normal,CW481_GP_2024_SC_Gr,,Infratec,91915904,5.01,0.365,4.103,5.491,0,0,,,,48.45,0.311,47.947,48.957,0,0,
12/20/2024 10:11:29 AM,Rapeseed I,60073681 RA,Normal,CW492_GP_2024_SC_Gr,,Infratec,91915904,5.93,0.229,5.633,6.484,0,0,,,,44.93,0.671,43.278,45.628,0,0,
12/20/2024 10:13:04 AM,Rapeseed I,60073681 RA,Normal,CW472_GP_2024_SC_Gr,,Infratec,91915904,5.15,0.221,4.913,5.552,0,0,,,,35.96,0.388,35.526,36.836,0,0,
12/20/2024 10:14:45 AM,Rapeseed I,60073681 RA,Normal,CW486_GP_2024_SC_Gr,,Infratec,91915904,5.43,0.208,5.242,5.799,0,0,,,,40.47,0.39,39.968,41.295,0,0,
12/20/2024 10:16:06 AM,Rapeseed I,60073681 RA,Normal,CW443_GP_2024_SC_Gr,,Infratec,91915904,5.28,0.139,5.014,5.577,0,0,,,,50.82,0.19,50.5,51.107,0,0,
12/20/2024 10:17:43 AM,Rapeseed I,60073681 RA,Normal,CW454_GP_2024_SC_Gr,,Infratec,91915904,5.76,0.318,5.373,6.307,0,0,,,,43.99,0.417,43.342,44.684,0,0,
12/20/2024 10:19:04 AM,Rapeseed I,60073681 RA,Normal,CW499_GP_2024_SC_Gr,,Infratec,91915904,5.61,0.228,5.281,5.943,0,0,,,,46.81,0.637,45.691,47.814,0,0,
12/20/2024 10:20:39 AM,Rapeseed I,60073681 RA,Normal,CW497_GP_2024_SC_Gr,,Infratec,91915904,5.94,0.167,5.663,6.136,0,0,,,,40.92,0.419,40.049,41.427,0,0,
12/20/2024 10:22:48 AM,Rapeseed I,60073681 RA,Normal,CW494_GP_2024_SC_Gr,,Infratec,91915904,5.95,0.288,5.259,6.271,0,0,,,,46.65,0.954,44.862,47.85,0,0,
12/20/2024 10:24:16 AM,Rapeseed I,60073681 RA,Normal,CW477_GP_2024_SC_Gr,,Infratec,91915904,5.57,0.247,5.289,5.951,0,0,,,,47.25,0.756,46.034,48.194,0,0,
12/20/2024 10:25:49 AM,Rapeseed I,60073681 RA,Normal,CW473_GP_2024_SC_Gr,,Infratec,91915904,6.07,0.191,5.853,6.422,0,0,,,,46.48,0.364,45.886,47.056,0,0,
12/20/2024 10:27:26 AM,Rapeseed I,60073681 RA,Normal,CW461_GP_2024_SC_Gr,,Infratec,91915904,5.76,0.117,5.531,5.934,0,0,,,,42.29,0.508,41.513,43.239,0,0,
12/20/2024 10:28:55 AM,Rapeseed I,60073681 RA,Normal,CW478_GP_2024_SC_Gr,,Infratec,91915904,5.84,0.196,5.555,6.142,0,0,,,,38.42,1.418,34.967,39.718,0,0,
12/20/2024 10:30:30 AM,Rapeseed I,60073681 RA,Normal,CW489_GP_2024_SC_Gr,,Infratec,91915904,5.68,0.192,5.389,6.001,0,0,,,,47.79,0.57,47.125,48.5,0,0,
12/20/2024 10:32:54 AM,Rapeseed I,60073681 RA,Normal,CW485_GP_2024_SC_Gr,,Infratec,91915904,5.52,0.185,5.271,5.858,0,0,,,,45.02,0.679,43.619,46.254,0,0,
12/20/2024 10:34:26 AM,Rapeseed I,60073681 RA,Normal,CW491_GP_2024_SC_Gr,,Infratec,91915904,5.93,0.274,5.696,6.568,0,0,,,,44.34,0.436,43.544,44.769,0,0,
12/20/2024 10:38:00 AM,Rapeseed I,60073681 RA,Normal,CW464_GP_2024_SC_Gr,,Infratec,91915904,5.58,0.37,5.153,6.519,0,0,,,,44.01,0.701,42.786,44.935,0,0,
12/20/2024 10:40:07 AM,Rapeseed I,60073681 RA,Normal,CW427_GP_2024_SC_Gr,,Infratec,91915904,6.16,0.261,5.889,6.639,0,0,,,,38.4,1.052,37.109,39.789,0,0,
12/20/2024 10:41:54 AM,Rapeseed I,60073681 RA,Normal,CW449_GP_2024_SC_Gr,,Infratec,91915904,5.07,0.183,4.899,5.535,0,0,,,,41.51,0.416,40.795,41.994,0,0,
12/20/2024 10:43:43 AM,Rapeseed I,60073681 RA,Normal,CW476_GP_2024_SC_Gr,,Infratec,91915904,5.72,0.426,5.396,6.841,0,0,,,,46.33,0.633,44.847,46.932,0,0,
12/20/2024 10:45:12 AM,Rapeseed I,60073681 RA,Normal,CW441_GP_2024_SC_Gr,,Infratec,91915904,5.51,0.163,5.336,5.794,0,0,,,,47.54,0.518,46.745,48.374,0,0,
12/20/2024 10:46:52 AM,Rapeseed I,60073681 RA,Normal,CW479_GP_2024_SC_Gr,,Infratec,91915904,5.09,0.181,4.823,5.36,0,0,,,,48.1,0.544,47.08,48.603,0,0,
12/20/2024 10:48:24 AM,Rapeseed I,60073681 RA,Normal,CW493_GP_2024_SC_Gr,,Infratec,91915904,6.22,0.171,5.889,6.485,0,0,,,,36.14,0.706,34.866,37.198,0,0,
12/20/2024 10:50:19 AM,Rapeseed I,60073681 RA,Normal,CW487_GP_2024_SC_Gr,,Infratec,91915904,5.76,0.098,5.611,5.963,0,0,,,,47.21,0.356,46.656,47.819,0,0,
12/20/2024 10:51:46 AM,Rapeseed I,60073681 RA,Normal,CW433_GP_2024_SC_Gr,,Infratec,91915904,5.25,0.208,4.789,5.52,0,0,,,,51.72,0.264,51.313,52.186,0,0,
12/20/2024 10:53:40 AM,Rapeseed I,60073681 RA,Normal,CW467_GP_2024_SC_Gr,,Infratec,91915904,5.71,0.245,5.426,6.227,0,0,,,,43.37,0.422,42.528,43.948,0,0,
12/20/2024 10:55:04 AM,Rapeseed I,60073681 RA,Normal,CW457_GP_2024_SC_Gr,,Infratec,91915904,6.04,0.29,5.605,6.533,0,0,,,,38.91,1.446,37.296,42.199,0,0,
12/20/2024 10:56:45 AM,Rapeseed I,60073681 RA,Normal,CW483_GP_2024_SC_Gr,,Infratec,91915904,5.82,0.121,5.602,6.05,0,0,,,,41.45,0.555,40.304,42.036,0,0,
12/20/2024 10:58:10 AM,Rapeseed I,60073681 RA,Normal,CW453_GP_2024_SC_Gr,,Infratec,91915904,5.83,0.199,5.561,6.198,0,0,,,,41.64,1.387,39.843,44.84,0,0,
12/20/2024 2:54:39 PM,Rapeseed I,60073681 RA,Normal,CW460_GP_2024_SC_Gr,,Infratec,91915904,5.23,0.174,5.013,5.569,0,0,,,,39.71,0.598,38.511,40.65,0,0,
12/20/2024 3:05:42 PM,Rapeseed I,60073681 RA,Normal,CW484_GP_2024_SC_Gr,,Infratec,91915904,5.64,0.133,5.392,5.906,0,0,,,,35.94,0.531,34.92,36.94,0,0,
12/20/2024 3:08:40 PM,Rapeseed I,60073681 RA,Normal,CW455_GP_2024_SC_Gr,,Infratec,91915904,5.49,0.129,5.257,5.687,0,0,,,,43.85,0.608,42.644,44.615,0,0,
12/20/2024 3:11:25 PM,Rapeseed I,60073681 RA,Normal,CW488_GP_2024_SC_Gr,,Infratec,91915904,5.76,0.178,5.59,6.169,0,1,,,,36.18,0.47,35.326,36.748,0,0,
12/20/2024 3:13:58 PM,Rapeseed I,60073681 RA,Normal,CW456_GP_2024_SC_Gr,,Infratec,91915904,5.75,0.11,5.619,5.991,0,0,,,,41.01,0.469,40.43,41.776,0,0,
12/20/2024 3:16:35 PM,Rapeseed I,60073681 RA,Normal,CW440_GP_2024_SC_Gr,,Infratec,91915904,5.44,0.141,5.207,5.725,0,0,,,,52.58,0.197,52.194,52.871,0,0,
12/20/2024 3:19:07 PM,Rapeseed I,60073681 RA,Normal,CW466_GP_2024_SC_Gr,,Infratec,91915904,6.3,0.324,5.843,6.877,0,0,,,,37.27,1.361,35.979,40.006,0,0,
12/20/2024 3:21:57 PM,Rapeseed I,60073681 RA,Normal,CW465_GP_2024_SC_Gr,,Infratec,91915904,5.3,0.215,4.982,5.682,0,0,,,,49.65,0.316,48.989,49.977,0,0,
12/20/2024 3:24:16 PM,Rapeseed I,60073681 RA,Normal,CW496_GP_2024_SC_Gr,,Infratec,91915904,6.26,0.2,5.945,6.533,0,0,,,,36.28,0.392,35.723,36.984,0,0,
12/20/2024 3:26:44 PM,Rapeseed I,60073681 RA,Normal,CW498_GP_2024_SC_Gr,,Infratec,91915904,5.88,0.191,5.652,6.216,0,1,,,,34.99,0.211,34.684,35.402,0,0,
12/20/2024 3:34:54 PM,Rapeseed I,60073681 RA,Normal,CW430_GP_2024_SC_Gr,,Infratec,91915904,5.47,0.149,5.207,5.696,0,0,,,,48.4,1.016,45.707,49.116,0,0,
12/20/2024 3:37:15 PM,Rapeseed I,60073681 RA,Normal,CW431_GP_2024_SC_Gr,,Infratec,91915904,5.75,0.202,5.534,6.136,0,0,,,,40.99,0.764,39.906,42.353,0,0,
12/20/2024 3:39:36 PM,Rapeseed I,60073681 RA,Normal,CW474_GP_2024_SC_Gr,,Infratec,91915904,5.75,0.215,5.238,6.066,0,0,,,,52.45,0.304,52.117,52.948,0,0,
12/20/2024 3:42:12 PM,Rapeseed I,60073681 RA,Normal,CW435_GP_2024_SC_Gr,,Infratec,91915904,5.55,0.111,5.399,5.721,0,0,,,,46.85,0.55,46.136,47.886,0,0,
12/20/2024 3:44:16 PM,Rapeseed I,60073681 RA,Normal,CW459_GP_2024_SC_Gr,,Infratec,91915904,6.43,0.162,6.214,6.694,0,0,,,,33.61,0.209,33.287,33.911,0,0,
12/23/2024 8:28:45 AM,Rapeseed I,60073681 RA,Normal,CW541_GP_2024_SC_Gr,,Infratec,91915904,5.23,0.249,4.777,5.707,0,0,,,,53.34,0.567,52.686,54.687,0,0,
12/23/2024 8:30:34 AM,Rapeseed I,60073681 RA,Normal,CW558_GP_2024_SC_Gr,,Infratec,91915904,5.8,0.34,5.44,6.556,0,0,,,,49.61,0.802,47.654,50.396,0,0,
12/23/2024 8:37:08 AM,Rapeseed I,60073681 RA,Normal,CW575_GP_2024_SC_Gr,,Infratec,91915904,5.53,0.184,5.256,5.88,0,0,,,,48.89,0.542,47.664,49.49,0,0,
12/23/2024 8:39:01 AM,Rapeseed I,60073681 RA,Normal,CW515_GP_2024_SC_Gr,,Infratec,91915904,5.79,0.124,5.573,5.972,0,0,,,,41.25,0.444,40.699,42.4,0,0,
12/23/2024 8:40:45 AM,Rapeseed I,60073681 RA,Normal,CW532_GP_2024_SC_Gr,,Infratec,91915904,5.58,0.158,5.311,5.843,0,0,,,,47.54,0.608,46.53,48.441,0,0,
12/23/2024 8:50:05 AM,Rapeseed I,60073681 RA,Normal,CW501_GP_2024_SC_Gr,,Infratec,91915904,5.69,0.163,5.401,5.962,0,0,,,,49.12,0.557,48.272,49.991,0,0,
12/23/2024 8:57:33 AM,Rapeseed I,60073681 RA,Normal,CW527_GP_2024_SC_Gr,,Infratec,91915904,5.58,0.154,5.323,5.77,0,0,,,,45.66,0.428,45.006,46.262,0,0,
12/23/2024 8:59:05 AM,Rapeseed I,60073681 RA,Normal,CW591_GP_2024_SC_Gr,,Infratec,91915904,5.77,0.108,5.648,5.972,0,0,,,,44.79,0.344,44.051,45.197,0,0,
12/23/2024 9:01:46 AM,Rapeseed I,60073681 RA,Normal,CW542_GP_2024_SC_Gr,,Infratec,91915904,6.38,0.239,6.096,6.857,0,0,,,,35.12,0.641,34.361,36.687,0,0,
12/23/2024 9:04:12 AM,Rapeseed I,60073681 RA,Normal,CW589_GP_2024_SC_Gr,,Infratec,91915904,5.7,0.124,5.509,5.932,0,0,,,,46.27,0.309,45.677,46.74,0,0,
12/23/2024 9:06:40 AM,Rapeseed I,60073681 RA,Normal,CW587_GP_2024_SC_Gr,,Infratec,91915904,6.05,0.184,5.823,6.271,0,0,,,,39.37,0.441,38.751,40.085,0,0,
12/23/2024 9:09:12 AM,Rapeseed I,60073681 RA,Normal,CW573_GP_2024_SC_Gr,,Infratec,91915904,6.07,0.29,5.616,6.424,0,0,,,,40.38,0.736,39.508,41.911,0,0,
12/23/2024 9:11:11 AM,Rapeseed I,60073681 RA,Normal,CW539_GP_2024_SC_Gr,,Infratec,91915904,5.68,0.316,5.409,6.524,0,0,,,,47.4,0.421,46.656,48.245,0,0,
12/23/2024 9:13:51 AM,Rapeseed I,60073681 RA,Normal,CW500_GP_2024_SC_Gr,,Infratec,91915904,6.1,0.153,5.83,6.319,0,0,,,,38.91,0.392,38.357,39.415,0,0,
12/23/2024 9:15:33 AM,Rapeseed I,60073681 RA,Normal,CW538_GP_2024_SC_Gr,,Infratec,91915904,6.54,0.383,6.134,7.249,0,0,,,,35.15,0.625,34.233,36.016,0,0,
12/23/2024 9:21:06 AM,Rapeseed I,60073681 RA,Normal,CW597_GP_2024_SC_Gr,,Infratec,91915904,5.58,0.322,5.306,6.414,0,0,,,,50.87,0.604,49.827,51.47,0,0,
12/23/2024 9:22:48 AM,Rapeseed I,60073681 RA,Normal,CW581_GP_2024_SC_Gr,,Infratec,91915904,6.09,0.208,5.843,6.499,0,0,,,,38.03,0.657,36.697,38.784,0,0,
12/23/2024 9:25:54 AM,Rapeseed I,60073681 RA,Normal,CW650_GP_2024_SC_Gr,,Infratec,91915904,5.54,0.128,5.365,5.762,0,0,,,,42.86,0.676,41.755,43.878,0,0,
12/23/2024 9:29:34 AM,Rapeseed I,60073681 RA,Normal,CW521_GP_2024_SC_Gr,,Infratec,91915904,6.19,0.204,5.822,6.646,0,0,,,,39.71,0.576,38.727,40.933,0,0,
12/23/2024 9:32:40 AM,Rapeseed I,60073681 RA,Normal,CW545_GP_2024_SC_Gr,,Infratec,91915904,5.65,0.189,5.298,5.925,0,0,,,,49.67,0.419,48.856,50.293,0,0,
12/23/2024 9:35:14 AM,Rapeseed I,60073681 RA,Normal,CW578_GP_2024_SC_Gr,,Infratec,91915904,6.63,0.363,6.241,7.491,0,0,,,,45.61,0.793,44.039,46.531,0,0,
12/23/2024 9:37:07 AM,Rapeseed I,60073681 RA,Normal,CW557_GP_2024_SC_Gr,,Infratec,91915904,5.98,0.324,5.712,6.803,0,0,,,,38.4,0.649,37.459,39.535,0,0,
12/23/2024 9:39:39 AM,Rapeseed I,60073681 RA,Normal,CW514_GP_2024_SC_Gr,,Infratec,91915904,5.89,0.173,5.67,6.226,0,0,,,,47.36,0.74,46.218,48.799,0,0,
12/23/2024 9:41:51 AM,Rapeseed I,60073681 RA,Normal,CW513_GP_2024_SC_Gr,,Infratec,91915904,6.23,0.115,6.067,6.388,0,1,,,,35.13,0.243,34.668,35.498,0,0,
12/23/2024 9:43:26 AM,Rapeseed I,60073681 RA,Normal,CW544_GP_2024_SC_Gr,,Infratec,91915904,5.76,0.269,5.427,6.284,0,0,,,,47.91,0.563,47.151,48.728,0,0,
12/23/2024 9:45:04 AM,Rapeseed I,60073681 RA,Normal,CW592_GP_2024_SC_Gr,,Infratec,91915904,5.92,0.23,5.665,6.301,0,0,,,,48.15,0.378,47.673,48.744,0,0,
12/23/2024 9:46:47 AM,Rapeseed I,60073681 RA,Normal,CW576_GP_2024_SC_Gr,,Infratec,91915904,6.16,0.238,5.903,6.606,0,0,,,,45,0.847,43.959,47.05,0,0,
12/23/2024 9:48:34 AM,Rapeseed I,60073681 RA,Normal,CW570_GP_2024_SC_Gr,,Infratec,91915904,5.91,0.232,5.562,6.335,0,0,,,,46.32,0.512,45.381,47.061,0,0,
12/23/2024 9:50:02 AM,Rapeseed I,60073681 RA,Normal,CW553_GP_2024_SC_Gr,,Infratec,91915904,6.07,0.121,5.909,6.281,0,0,,,,43.74,0.437,42.939,44.312,0,0,
12/23/2024 9:51:35 AM,Rapeseed I,60073681 RA,Normal,CW537_GP_2024_SC_Gr,,Infratec,91915904,5.81,0.121,5.608,5.968,0,0,,,,46.48,0.488,45.576,47.349,0,0,
12/23/2024 9:53:14 AM,Rapeseed I,60073681 RA,Normal,CW571_GP_2024_SC_Gr,,Infratec,91915904,5.8,0.231,5.474,6.228,0,0,,,,42.04,0.588,41.232,43.297,0,0,
12/23/2024 9:56:59 AM,Rapeseed I,60073681 RA,Normal,CW556_GP_2024_SC_Gr,,Infratec,91915904,5.53,0.208,5.286,5.947,0,0,,,,45.7,0.397,44.955,46.162,0,0,
12/23/2024 10:06:42 AM,Rapeseed I,60073681 RA,Normal,CW512_GP_2024_SC_Gr,,Infratec,91915904,6.15,0.209,5.976,6.606,0,1,,,,35.55,0.251,35.022,35.949,0,0,
12/23/2024 10:08:41 AM,Rapeseed I,60073681 RA,Normal,CW520_GP_2024_SC_Gr,,Infratec,91915904,6.47,0.226,6.087,6.759,0,0,,,,38.74,0.863,37.495,40.359,0,0,
12/23/2024 10:13:25 AM,Rapeseed I,60073681 RA,Normal,CW543_GP_2024_SC_Gr,,Infratec,91915904,5.82,0.133,5.652,6.122,0,0,,,,45.28,0.417,44.508,45.946,0,0,
12/23/2024 10:15:11 AM,Rapeseed I,60073681 RA,Normal,CW526_GP_2024_SC_Gr,,Infratec,91915904,6.56,0.087,6.411,6.668,0,1,,,,33.2,0.396,32.647,33.884,0,1,
12/23/2024 10:18:21 AM,Rapeseed I,60073681 RA,Normal,CW507_GP_2024_SC_Gr,,Infratec,91915904,5.84,0.135,5.636,6.127,0,0,,,,45.72,0.462,45.272,46.472,0,0,
12/23/2024 10:20:22 AM,Rapeseed I,60073681 RA,Normal,CW582_GP_2024_SC_Gr,,Infratec,91915904,5.89,0.256,5.606,6.448,0,0,,,,42.29,0.585,41.038,42.948,0,0,
12/23/2024 10:22:08 AM,Rapeseed I,60073681 RA,Normal,CW590_GP_2024_SC_Gr,,Infratec,91915904,5.8,0.263,5.542,6.279,0,0,,,,43.39,0.389,42.741,44.057,0,0,
12/23/2024 10:23:40 AM,Rapeseed I,60073681 RA,Normal,CW579_GP_2024_SC_Gr,,Infratec,91915904,5.94,0.179,5.732,6.335,0,0,,,,49.62,0.358,48.816,50.002,0,0,
12/23/2024 10:25:14 AM,Rapeseed I,60073681 RA,Normal,CW510_GP_2024_SC_Gr,,Infratec,91915904,5.53,0.195,5.276,5.875,0,0,,,,41.92,0.483,41.249,42.565,0,0,
12/23/2024 10:26:38 AM,Rapeseed I,60073681 RA,Normal,CW585_GP_2024_SC_Gr,,Infratec,91915904,5.74,0.146,5.544,5.953,0,0,,,,49.59,0.632,48.115,50.243,0,0,
12/23/2024 10:28:06 AM,Rapeseed I,60073681 RA,Normal,CW511_GP_2024_SC_Gr,,Infratec,91915904,6.11,0.18,5.849,6.379,0,0,,,,41.3,0.63,40.349,42.298,0,0,
12/23/2024 10:29:33 AM,Rapeseed I,60073681 RA,Normal,CW555_GP_2024_SC_Gr,,Infratec,91915904,6.01,0.218,5.705,6.506,0,0,,,,46.98,0.69,45.604,47.853,0,0,
12/23/2024 10:31:12 AM,Rapeseed I,60073681 RA,Normal,CW548_GP_2024_SC_Gr,,Infratec,91915904,5.64,0.238,5.261,6.011,0,0,,,,48.44,0.626,47.345,49.346,0,0,
12/23/2024 10:32:56 AM,Rapeseed I,60073681 RA,Normal,CW524_GP_2024_SC_Gr,,Infratec,91915904,5.66,0.176,5.454,5.94,0,0,,,,44.62,0.441,43.977,45.209,0,0,
12/23/2024 10:34:59 AM,Rapeseed I,60073681 RA,Normal,CW529_GP_2024_SC_Gr,,Infratec,91915904,5.97,0.143,5.714,6.141,0,0,,,,43.21,0.493,42.79,44.216,0,0,
12/23/2024 10:36:31 AM,Rapeseed I,60073681 RA,Normal,CW554_GP_2024_SC_Gr,,Infratec,91915904,6.03,0.112,5.831,6.266,0,0,,,,49.25,0.594,48.07,50.376,0,0,
12/23/2024 10:38:10 AM,Rapeseed I,60073681 RA,Normal,CW596_GP_2024_SC_Gr,,Infratec,91915904,6.64,0.181,6.405,6.905,0,0,,,,35.75,0.871,34.064,36.719,0,0,
12/23/2024 10:40:26 AM,Rapeseed I,60073681 RA,Normal,CW586_GP_2024_SC_Gr,,Infratec,91915904,5.63,0.229,5.315,6.157,0,0,,,,46.15,0.544,45.247,46.954,0,0,
12/23/2024 10:42:26 AM,Rapeseed I,60073681 RA,Normal,CW508_GP_2024_SC_Gr,,Infratec,91915904,5.41,0.119,5.169,5.58,0,0,,,,51.84,0.321,50.999,52.145,0,0,
12/23/2024 10:44:19 AM,Rapeseed I,60073681 RA,Normal,CW504_GP_2024_SC_Gr,,Infratec,91915904,7.02,0.098,6.882,7.146,0,0,,,,33.34,0.213,32.93,33.742,0,0,
12/23/2024 10:46:07 AM,Rapeseed I,60073681 RA,Normal,CW525_GP_2024_SC_Gr,,Infratec,91915904,5.84,0.19,5.489,6.154,0,0,,,,45.44,0.718,44.385,46.354,0,0,
12/23/2024 10:48:41 AM,Rapeseed I,60073681 RA,Normal,CW528_GP_2024_SC_Gr,,Infratec,91915904,5.87,0.172,5.72,6.156,0,0,,,,46.35,0.297,46.109,47.044,0,0,
12/23/2024 10:50:16 AM,Rapeseed I,60073681 RA,Normal,CW564_GP_2024_SC_Gr,,Infratec,91915904,6.03,0.218,5.754,6.405,0,0,,,,37.65,0.701,36.859,38.714,0,0,
12/23/2024 10:51:43 AM,Rapeseed I,60073681 RA,Normal,CW562_GP_2024_SC_Gr,,Infratec,91915904,5.86,0.121,5.57,5.989,0,0,,,,39.97,0.502,39.125,40.807,0,0,
12/23/2024 10:53:11 AM,Rapeseed I,60073681 RA,Normal,CW565_GP_2024_SC_Gr,,Infratec,91915904,6.04,0.184,5.687,6.275,0,0,,,,46.72,0.344,46.229,47.253,0,0,
12/23/2024 12:40:45 PM,Rapeseed I,60073681 RA,Normal,CW550_GP_2024_SC_Gr,,Infratec,91915904,6.11,0.394,5.869,7.201,0,0,,,,50.21,0.521,49.016,50.818,0,0,
12/23/2024 12:42:24 PM,Rapeseed I,60073681 RA,Normal,CW568_GP_2024_SC_Gr,,Infratec,91915904,5.9,0.189,5.545,6.165,0,0,,,,45.46,0.445,44.798,46.197,0,0,
12/23/2024 12:43:56 PM,Rapeseed I,60073681 RA,Normal,CW559_GP_2024_SC_Gr,,Infratec,91915904,5.59,0.094,5.449,5.771,0,0,,,,49.65,0.305,48.98,49.994,0,0,
12/23/2024 12:45:53 PM,Rapeseed I,60073681 RA,Normal,CW523_GP_2024_SC_Gr,,Infratec,91915904,6.04,0.08,5.902,6.142,0,0,,,,51.09,0.637,50.171,52.203,0,0,
12/31/2024 9:54:43 AM,Rapeseed I,60073681 RA,Normal,CW584_GP_2024_SC_Gr,,Infratec,91915904,4.48,0.12,4.279,4.672,0,0,,,,48.1,0.418,47.462,48.7,0,0,
12/31/2024 9:56:49 AM,Rapeseed I,60073681 RA,Normal,CW595_GP_2024_SC_Gr,,Infratec,91915904,4.43,0.147,4.189,4.648,0,0,,,,46.9,0.622,45.88,47.838,0,0,
12/31/2024 9:58:51 AM,Rapeseed I,60073681 RA,Normal,CW588_GP_2024_SC_Gr,,Infratec,91915904,4.46,0.221,4.214,4.911,0,0,,,,52.45,0.23,52.081,52.697,0,0,
12/31/2024 10:06:46 AM,Rapeseed I,60073681 RA,Normal,CW577_GP_2024_SC_Gr,,Infratec,91915904,5.19,0.17,4.95,5.468,0,0,,,,50.18,0.559,48.821,50.762,0,0,
12/31/2024 10:08:34 AM,Rapeseed I,60073681 RA,Normal,CW503_GP_2024_SC_Gr,,Infratec,91915904,4.89,0.067,4.803,5.043,0,0,,,,39.92,0.726,38.633,41.416,0,0,
12/31/2024 10:11:01 AM,Rapeseed I,60073681 RA,Normal,CW574_GP_2024_SC_Gr,,Infratec,91915904,5.01,0.22,4.775,5.395,0,0,,,,44.88,0.475,44.037,45.259,0,0,
12/31/2024 10:12:54 AM,Rapeseed I,60073681 RA,Normal,CW546_GP_2024_SC_Gr,,Infratec,91915904,5.5,0.145,5.271,5.774,0,0,,,,47.09,0.273,46.738,47.593,0,0,
12/31/2024 10:14:22 AM,Rapeseed I,60073681 RA,Normal,CW518_GP_2024_SC_Gr,,Infratec,91915904,4.99,0.132,4.808,5.236,0,0,,,,45.13,0.638,44.235,46.147,0,0,
12/31/2024 10:17:50 AM,Rapeseed I,60073681 RA,Normal,CW509_GP_2024_SC_Gr,,Infratec,91915904,5.18,0.158,4.987,5.456,0,0,,,,50.97,0.484,49.972,51.406,0,0,
12/31/2024 10:20:49 AM,Rapeseed I,60073681 RA,Normal,CW533_GP_2024_SC_Gr,,Infratec,91915904,4.82,0.221,4.33,5.104,0,0,,,,49.5,0.544,48.504,50.26,0,0,
12/31/2024 10:26:52 AM,Rapeseed I,60073681 RA,Normal,CW563_GP_2024_SC_Gr,,Infratec,91915904,5.34,0.326,4.738,5.648,0,0,,,,47.29,1.094,45.321,48.409,0,0,
12/31/2024 10:28:59 AM,Rapeseed I,60073681 RA,Normal,CW561_GP_2024_SC_Gr,,Infratec,91915904,5.02,0.198,4.829,5.542,0,0,,,,46.45,0.638,45.118,47.291,0,0,
12/31/2024 10:33:45 AM,Rapeseed I,60073681 RA,Normal,CE348_GP_2024_SC_Gr,,Infratec,91915904,5.96,0.201,5.684,6.353,0,0,,,,47.06,0.596,46.153,47.919,0,0,
12/31/2024 10:37:35 AM,Rapeseed I,60073681 RA,Normal,CE216_GP_2024_SC_Gr,,Infratec,91915904,5.08,0.172,4.681,5.302,0,0,,,,50.93,0.669,49.996,51.721,0,0,
12/31/2024 10:39:07 AM,Rapeseed I,60073681 RA,Normal,CE220_GP_2024_SC_Gr,,Infratec,91915904,5.58,0.207,5.267,6.033,0,0,,,,49.32,0.524,48.585,50.217,0,0,
12/31/2024 10:40:34 AM,Rapeseed I,60073681 RA,Normal,CE211_GP_2024_SC_Gr,,Infratec,91915904,6.09,0.249,5.812,6.63,0,0,,,,39.35,0.77,38.45,40.747,0,0,
12/31/2024 10:42:05 AM,Rapeseed I,60073681 RA,Normal,CE316_GP_2024_SC_Gr,,Infratec,91915904,5.28,0.187,5.007,5.585,0,0,,,,48.23,0.81,46.388,49.363,0,0,
12/31/2024 10:44:26 AM,Rapeseed I,60073681 RA,Normal,CE267_GP_2024_SC_Gr,,Infratec,91915904,6,0.261,5.631,6.588,0,0,,,,46.89,0.79,45.399,47.951,0,0,
12/31/2024 10:50:39 AM,Rapeseed I,60073681 RA,Normal,CE275_GP_2024_SC_Gr,,Infratec,91915904,6.06,0.18,5.834,6.385,0,0,,,,45.27,0.675,44.438,46.838,0,0,
12/31/2024 10:52:08 AM,Rapeseed I,60073681 RA,Normal,CE224_GP_2024_SC_Gr,,Infratec,91915904,5.93,0.259,5.522,6.518,0,0,,,,44.31,0.496,43.383,44.891,0,0,
12/31/2024 10:54:24 AM,Rapeseed I,60073681 RA,Normal,CE245_GP_2024_SC_Gr,,Infratec,91915904,5.45,0.438,4.357,6.029,0,0,,,,50.73,0.449,49.815,51.25,0,0,
12/31/2024 10:56:03 AM,Rapeseed I,60073681 RA,Normal,CE293_GP_2024_SC_Gr,,Infratec,91915904,5.57,0.246,5.037,6.013,0,0,,,,47.89,0.551,46.79,48.638,0,0,
12/31/2024 10:57:42 AM,Rapeseed I,60073681 RA,Normal,CE222_GP_2024_SC_Gr,,Infratec,91915904,5.57,0.229,5.158,5.982,0,0,,,,50.84,0.431,50.372,51.906,0,0,
12/31/2024 10:59:11 AM,Rapeseed I,60073681 RA,Normal,CE314_GP_2024_SC_Gr,,Infratec,91915904,5.14,0.206,4.89,5.476,0,0,,,,43.44,0.469,42.614,44.126,0,0,
12/31/2024 11:00:46 AM,Rapeseed I,60073681 RA,Normal,CE243_GP_2024_SC_Gr,,Infratec,91915904,5.51,0.223,5.054,5.764,0,0,,,,50.27,0.56,49.397,50.911,0,0,
12/31/2024 11:02:30 AM,Rapeseed I,60073681 RA,Normal,CE228_GP_2024_SC_Gr,,Infratec,91915904,4.66,0.189,4.32,4.885,0,0,,,,33.58,0.341,32.953,34.188,0,0,
12/31/2024 11:07:32 AM,Rapeseed I,60073681 RA,Normal,CE268_GP_2024_SC_Gr,,Infratec,91915904,5.36,0.274,4.836,5.775,0,0,,,,52.18,0.483,51.447,53.224,0,0,
12/31/2024 11:08:55 AM,Rapeseed I,60073681 RA,Normal,CE269_GP_2024_SC_Gr,,Infratec,91915904,5.62,0.146,5.41,5.872,0,0,,,,49.58,0.276,49.167,50.092,0,0,
12/31/2024 11:10:21 AM,Rapeseed I,60073681 RA,Normal,CE229_GP_2024_SC_Gr,,Infratec,91915904,6.34,0.201,5.971,6.611,0,0,,,,45.73,0.618,44.753,46.486,0,0,
12/31/2024 11:11:48 AM,Rapeseed I,60073681 RA,Normal,CE226_GP_2024_SC_Gr,,Infratec,91915904,5.43,0.307,4.633,5.694,0,0,,,,47.13,1.04,44.849,48.282,0,0,
12/31/2024 11:13:26 AM,Rapeseed I,60073681 RA,Normal,CE337_GP_2024_SC_Gr,,Infratec,91915904,5.61,0.165,5.376,5.852,0,0,,,,47.36,0.587,46.366,48.374,0,0,
12/31/2024 11:14:54 AM,Rapeseed I,60073681 RA,Normal,CE265_GP_2024_SC_Gr,,Infratec,91915904,5.48,0.213,5.076,5.743,0,0,,,,46.54,0.522,45.494,47.423,0,0,
12/31/2024 11:16:19 AM,Rapeseed I,60073681 RA,Normal,CE247_GP_2024_SC_Gr,,Infratec,91915904,5.38,0.182,5.075,5.768,0,0,,,,42.1,0.795,40.574,43.212,0,0,
12/31/2024 11:17:47 AM,Rapeseed I,60073681 RA,Normal,CE313_GP_2024_SC_Gr,,Infratec,91915904,5.5,0.285,5.224,6.128,0,0,,,,50.94,0.634,49.723,51.619,0,0,
12/31/2024 11:19:19 AM,Rapeseed I,60073681 RA,Normal,CE271_GP_2024_SC_Gr,,Infratec,91915904,5.8,0.209,5.569,6.166,0,0,,,,42.41,0.372,41.9,42.915,0,0,
12/31/2024 11:22:08 AM,Rapeseed I,60073681 RA,Normal,CE221_GP_2024_SC_Gr,,Infratec,91915904,5.33,0.218,4.937,5.664,0,0,,,,49.97,0.962,48.055,51.051,0,0,
12/31/2024 11:23:53 AM,Rapeseed I,60073681 RA,Normal,CW480_GP_2024_SC_Gr,,Infratec,91915904,4.95,0.116,4.705,5.085,0,2,,,,31.9,0.047,31.833,31.956,0,2,
12/31/2024 11:29:52 AM,Rapeseed I,60073681 RA,Normal,CE274_GP_2024_SC_Gr,,Infratec,91915904,5.77,0.194,5.445,6.04,0,0,,,,46.26,0.677,44.739,46.928,0,0,
12/31/2024 11:37:51 AM,Rapeseed I,60073681 RA,Normal,CE264_GP_2024_SC_Gr,,Infratec,91915904,5.37,0.147,5.103,5.57,0,0,,,,49.76,0.552,48.541,50.541,0,0,
12/31/2024 11:39:53 AM,Rapeseed I,60073681 RA,Normal,CW490_GP_2024_SC_Gr,,Infratec,91915904,4.37,0.15,4.258,4.768,0,1,,,,33.15,0.689,32.499,34.828,0,0,
12/31/2024 11:43:38 AM,Rapeseed I,60073681 RA,Normal,CW583_GP_2024_SC_Gr,,Infratec,91915904,4.33,0.134,4.159,4.561,0,0,,,,35.4,0.755,34.096,36.707,0,0,
