Analysis Time,Product Name,Product Code,Sample Type,Sample Number,Sample Comment,Instrument Name,Instrument Serial Number,Protein0%,Leverage Protein0%,Residual Protein0%,Moisture,Leverage Moisture,Residual Moisture,Starch0%,Leverage Starch0%,Residual Starch0%,Gluten0%,Leverage Gluten0%,Residual Gluten0%,Zeleny0%,Leverage Zeleny0%,Residual Zeleny0%,TW
11/6/2023 11:28:07 AM,Field Peas II,60073677 PE,Normal,CW474_GP_2023_WP_Gr,,Infratec,91915904,21.68,0.00,0.00,10.43,0.00,0.00,,,,,,,,,,
11/6/2023 11:30:55 AM,Field Peas II,60073677 PE,Normal,CW471_GP_2023_WP_Gr,,Infratec,91915904,20.81,0.00,0.00,10.79,0.00,0.00,,,,,,,,,,
11/6/2023 11:34:01 AM,Field Peas II,60073677 PE,Normal,CW461_GP_2023_WP_Gr,,Infratec,91915904,21.41,0.00,0.00,10.28,0.00,0.00,,,,,,,,,,
11/6/2023 11:35:58 AM,Field Peas II,60073677 PE,Normal,CW473_GP_2023_WP_Gr,,Infratec,91915904,21.83,0.00,0.00,10.29,0.00,0.00,,,,,,,,,,
11/6/2023 11:38:36 AM,Field Peas II,60073677 PE,Normal,CW479_GP_2023_WP_Gr,,Infratec,91915904,21.13,0.00,0.00,10.64,0.00,0.00,,,,,,,,,,
11/6/2023 11:40:55 AM,Field Peas II,60073677 PE,Normal,CW472_GP_2023_WP_Gr,,Infratec,91915904,21.11,0.00,0.00,10.19,0.00,0.00,,,,,,,,,,
11/6/2023 11:43:19 AM,Field Peas II,60073677 PE,Normal,CW476_GP_2023_WP_Gr,,Infratec,91915904,22.59,0.00,0.00,10.70,0.00,0.00,,,,,,,,,,
11/6/2023 11:45:31 AM,Field Peas II,60073677 PE,Normal,CW469_GP_2023_WP_Gr,,Infratec,91915904,22.53,0.00,0.00,10.50,0.00,0.00,,,,,,,,,,
11/6/2023 11:47:44 AM,Field Peas II,60073677 PE,Normal,CW470_GP_2023_WP_Gr,,Infratec,91915904,21.43,0.00,0.00,10.58,0.00,0.00,,,,,,,,,,
11/6/2023 11:49:54 AM,Field Peas II,60073677 PE,Normal,CW460_GP_2023_WP_Gr,,Infratec,91915904,21.06,0.00,0.00,10.41,0.00,0.00,,,,,,,,,,
11/6/2023 11:51:42 AM,Field Peas II,60073677 PE,Normal,CW468_GP_2023_WP_Gr,,Infratec,91915904,20.82,0.00,0.00,10.30,0.00,0.00,,,,,,,,,,
11/6/2023 11:53:22 AM,Field Peas II,60073677 PE,Normal,CW464_GP_2023_WP_Gr,,Infratec,91915904,21.28,0.00,0.00,10.41,0.00,0.00,,,,,,,,,,
11/6/2023 11:55:10 AM,Field Peas II,60073677 PE,Normal,CW462_GP_2023_WP_Gr,,Infratec,91915904,21.24,0.00,0.00,10.24,0.00,0.00,,,,,,,,,,
11/6/2023 11:57:11 AM,Field Peas II,60073677 PE,Normal,CW465_GP_2023_WP_Gr,,Infratec,91915904,21.49,0.00,0.00,10.60,0.00,0.00,,,,,,,,,,
11/6/2023 11:58:59 AM,Field Peas II,60073677 PE,Normal,CW475_GP_2023_WP_Gr,,Infratec,91915904,21.45,0.00,0.00,10.27,0.00,0.00,,,,,,,,,,
11/6/2023 12:00:51 PM,Field Peas II,60073677 PE,Normal,CW477_GP_2023_WP_Gr,,Infratec,91915904,20.44,0.00,0.00,10.30,0.00,0.00,,,,,,,,,,
11/6/2023 12:02:48 PM,Field Peas II,60073677 PE,Normal,CW467_GP_2023_WP_Gr,,Infratec,91915904,20.61,0.00,0.00,10.17,0.00,0.00,,,,,,,,,,
11/6/2023 12:04:32 PM,Field Peas II,60073677 PE,Normal,CW466_GP_2023_WP_Gr,,Infratec,91915904,21.23,0.00,0.00,10.56,0.00,0.00,,,,,,,,,,
11/6/2023 12:06:59 PM,Field Peas II,60073677 PE,Normal,CW478_GP_2023_WP_Gr,,Infratec,91915904,21.99,0.00,0.00,10.30,0.00,0.00,,,,,,,,,,
11/6/2023 12:09:13 PM,Field Peas II,60073677 PE,Normal,CW453_GP_2023_WP_Gr,,Infratec,91915904,20.86,0.00,0.00,10.14,0.00,0.00,,,,,,,,,,
11/6/2023 12:11:43 PM,Field Peas II,60073677 PE,Normal,CW451_GP_2023_WP_Gr,,Infratec,91915904,22.47,0.00,0.00,10.36,0.00,0.00,,,,,,,,,,
11/6/2023 12:13:27 PM,Field Peas II,60073677 PE,Normal,CW448_GP_2023_WP_Gr,,Infratec,91915904,23.22,0.00,0.00,10.67,0.00,0.00,,,,,,,,,,
11/6/2023 12:15:12 PM,Field Peas II,60073677 PE,Normal,CW450_GP_2023_WP_Gr,,Infratec,91915904,21.79,0.00,0.00,10.40,0.00,0.00,,,,,,,,,,
11/6/2023 12:16:54 PM,Field Peas II,60073677 PE,Normal,CW446_GP_2023_WP_Gr,,Infratec,91915904,21.33,0.00,0.00,10.39,0.00,0.00,,,,,,,,,,
11/6/2023 12:18:43 PM,Field Peas II,60073677 PE,Normal,CW443_GP_2023_WP_Gr,,Infratec,91915904,22.00,0.00,0.00,10.53,0.00,0.00,,,,,,,,,,
11/6/2023 12:20:43 PM,Field Peas II,60073677 PE,Normal,CW456_GP_2023_WP_Gr,,Infratec,91915904,20.98,0.00,0.00,10.15,0.00,0.00,,,,,,,,,,
11/6/2023 12:22:22 PM,Field Peas II,60073677 PE,Normal,CW449_GP_2023_WP_Gr,,Infratec,91915904,21.60,0.00,0.00,10.56,0.00,0.00,,,,,,,,,,
11/6/2023 12:24:11 PM,Field Peas II,60073677 PE,Normal,CW445_GP_2023_WP_Gr,,Infratec,91915904,20.97,0.00,0.00,10.33,0.00,0.00,,,,,,,,,,
11/6/2023 12:26:02 PM,Field Peas II,60073677 PE,Normal,CW452_GP_2023_WP_Gr,,Infratec,91915904,20.90,0.00,0.00,10.04,0.00,0.00,,,,,,,,,,
11/6/2023 12:28:14 PM,Field Peas II,60073677 PE,Normal,CW457_GP_2023_WP_Gr,,Infratec,91915904,21.68,0.00,0.00,10.07,0.00,0.00,,,,,,,,,,
11/6/2023 12:30:06 PM,Field Peas II,60073677 PE,Normal,CW454_GP_2023_WP_Gr,,Infratec,91915904,20.72,0.00,0.00,10.46,0.00,0.00,,,,,,,,,,
11/6/2023 12:32:06 PM,Field Peas II,60073677 PE,Normal,CW442_GP_2023_WP_Gr,,Infratec,91915904,21.60,0.00,0.00,10.36,0.00,0.00,,,,,,,,,,
11/6/2023 12:34:22 PM,Field Peas II,60073677 PE,Normal,CW441_GP_2023_WP_Gr,,Infratec,91915904,22.75,0.00,0.00,10.44,0.00,0.00,,,,,,,,,,
11/6/2023 12:36:21 PM,Field Peas II,60073677 PE,Normal,CW447_GP_2023_WP_Gr,,Infratec,91915904,22.40,0.00,0.00,10.67,0.00,0.00,,,,,,,,,,
11/6/2023 12:37:50 PM,Field Peas II,60073677 PE,Normal,CW458_GP_2023_WP_Gr,,Infratec,91915904,21.55,0.00,0.00,10.02,0.00,0.00,,,,,,,,,,
11/6/2023 12:39:44 PM,Field Peas II,60073677 PE,Normal,CW459_GP_2023_WP_Gr,,Infratec,91915904,20.89,0.00,0.00,10.17,0.00,0.00,,,,,,,,,,
11/6/2023 12:41:33 PM,Field Peas II,60073677 PE,Normal,CW455_GP_2023_WP_Gr,,Infratec,91915904,21.72,0.00,0.00,10.38,0.00,0.00,,,,,,,,,,
11/6/2023 12:44:05 PM,Field Peas II,60073677 PE,Normal,CW433_GP_2023_WP_Gr,,Infratec,91915904,21.45,0.00,0.00,10.72,0.00,0.00,,,,,,,,,,
11/6/2023 12:46:18 PM,Field Peas II,60073677 PE,Normal,CW431_GP_2023_WP_Gr,,Infratec,91915904,21.19,0.00,0.00,10.59,0.00,0.00,,,,,,,,,,
11/6/2023 12:48:15 PM,Field Peas II,60073677 PE,Normal,CW428_GP_2023_WP_Gr,,Infratec,91915904,21.86,0.00,0.00,10.58,0.00,0.00,,,,,,,,,,
11/6/2023 12:50:23 PM,Field Peas II,60073677 PE,Normal,CW427_GP_2023_WP_Gr,,Infratec,91915904,21.64,0.00,0.00,10.92,0.00,0.00,,,,,,,,,,
11/6/2023 12:52:25 PM,Field Peas II,60073677 PE,Normal,CW430_GP_2023_WP_Gr,,Infratec,91915904,22.62,0.00,0.00,10.65,0.00,0.00,,,,,,,,,,
11/6/2023 12:54:36 PM,Field Peas II,60073677 PE,Normal,CW435_GP_2023_WP_Gr,,Infratec,91915904,21.58,0.00,0.00,10.30,0.00,0.00,,,,,,,,,,
11/6/2023 12:56:23 PM,Field Peas II,60073677 PE,Normal,CW432_GP_2023_WP_Gr,,Infratec,91915904,21.67,0.00,0.00,10.49,0.00,0.00,,,,,,,,,,
11/6/2023 12:58:15 PM,Field Peas II,60073677 PE,Normal,CW426_GP_2023_WP_Gr,,Infratec,91915904,22.26,0.00,0.00,10.38,0.00,0.00,,,,,,,,,,
11/6/2023 1:00:15 PM,Field Peas II,60073677 PE,Normal,CW439_GP_2023_WP_Gr,,Infratec,91915904,22.72,0.00,0.00,10.76,0.00,0.00,,,,,,,,,,
11/6/2023 1:01:50 PM,Field Peas II,60073677 PE,Normal,CW437_GP_2023_WP_Gr,,Infratec,91915904,21.48,0.00,0.00,10.15,0.00,0.00,,,,,,,,,,
11/6/2023 1:04:13 PM,Field Peas II,60073677 PE,Normal,CW429_GP_2023_WP_Gr,,Infratec,91915904,21.17,0.00,0.00,10.40,0.00,0.00,,,,,,,,,,
11/6/2023 1:06:17 PM,Field Peas II,60073677 PE,Normal,CW438_GP_2023_WP_Gr,,Infratec,91915904,22.93,0.00,0.00,11.04,0.00,0.00,,,,,,,,,,
11/6/2023 1:08:19 PM,Field Peas II,60073677 PE,Normal,CW434_GP_2023_WP_Gr,,Infratec,91915904,21.72,0.00,0.00,10.41,0.00,0.00,,,,,,,,,,
11/6/2023 2:05:05 PM,Wheat II,60073697 WH,Normal,6A_3_Lime_N_2023_SW_Gr,,Infratec,91915904,12.60,0.00,0.00,11.39,0.00,0.00,71.24,0.00,0.00,31.45,0.00,0.00,52.06,0.00,0.00,62.90
11/6/2023 2:06:56 PM,Wheat II,60073697 WH,Normal,6A_1_Lime_N_2023_SW_Gr,,Infratec,91915904,11.70,0.00,0.00,11.49,0.00,0.00,72.09,0.00,0.00,28.24,0.00,0.00,44.28,0.00,0.00,62.62
11/6/2023 2:08:37 PM,Wheat II,60073697 WH,Normal,6A_2_Lime_N_2023_SW_Gr,,Infratec,91915904,12.47,0.00,0.00,11.79,0.00,0.00,71.22,0.00,0.00,30.85,0.00,0.00,50.31,0.00,0.00,63.05
11/6/2023 2:10:18 PM,Wheat II,60073697 WH,Normal,6A_4_Lime_N_2023_SW_Gr,,Infratec,91915904,12.59,0.00,0.00,12.56,0.00,0.00,71.40,0.00,0.00,30.90,0.00,0.00,50.71,0.00,0.00,62.73
11/6/2023 2:27:12 PM,Wheat II,60073697 WH,Normal,6A_4_Lime_O_2023_SW_Gr,,Infratec,91915904,12.16,0.00,0.00,11.58,0.00,0.00,71.48,0.00,0.00,31.69,0.00,0.00,48.58,0.00,0.00,62.63
11/6/2023 2:29:19 PM,Wheat II,60073697 WH,Normal,6A_3_Lime_O_2023_SW_Gr,,Infratec,91915904,10.94,0.00,0.00,11.38,0.00,0.00,72.75,0.00,0.00,28.18,0.00,0.00,39.96,0.00,0.00,62.13
11/6/2023 2:31:37 PM,Wheat II,60073697 WH,Normal,6A_2_Lime_O_2023_SW_Gr,,Infratec,91915904,10.84,0.00,0.00,11.04,0.00,0.00,72.82,0.00,0.00,27.92,0.00,0.00,38.63,0.00,0.00,61.25
11/6/2023 2:34:44 PM,Wheat II,60073697 WH,Normal,6A_1_Lime_O_2023_SW_Gr,,Infratec,91915904,10.04,0.00,0.00,11.05,0.00,0.00,73.49,0.00,0.00,25.94,0.00,0.00,34.31,0.00,0.00,61.40
11/6/2023 2:40:45 PM,Wheat II,60073697 WH,Normal,6B_1_Lime_N_2023_SW_Gr,,Infratec,91915904,9.77,0.00,0.00,11.58,0.00,0.00,73.76,0.00,0.00,25.37,0.00,0.00,33.14,0.00,0.00,61.19
11/6/2023 2:43:14 PM,Wheat II,60073697 WH,Normal,6B_2_Lime_N_2023_SW_Gr,,Infratec,91915904,9.55,0.00,0.00,11.07,0.00,0.00,73.82,0.00,0.00,24.81,0.00,0.00,31.99,0.00,0.00,60.96
11/6/2023 2:44:55 PM,Wheat II,60073697 WH,Normal,6B_3_Lime_N_2023_SW_Gr,,Infratec,91915904,11.30,0.00,0.00,11.41,0.00,0.00,72.35,0.00,0.00,28.81,0.00,0.00,41.64,0.00,0.00,62.22
11/6/2023 2:46:38 PM,Wheat II,60073697 WH,Normal,6B_4_Lime_N_2023_SW_Gr,,Infratec,91915904,10.26,0.00,0.00,11.39,0.00,0.00,73.67,0.00,0.00,26.69,0.00,0.00,35.64,0.00,0.00,61.69
11/6/2023 2:49:22 PM,Wheat II,60073697 WH,Normal,6B_4_Lime_O_2023_SW_Gr,,Infratec,91915904,12.04,0.00,0.00,11.30,0.00,0.00,71.54,0.00,0.00,31.54,0.00,0.00,46.82,0.00,0.00,62.55
11/6/2023 2:51:44 PM,Wheat II,60073697 WH,Normal,6B_1_Lime_O_2023_SW_Gr,,Infratec,91915904,10.43,0.00,0.00,11.28,0.00,0.00,73.45,0.00,0.00,27.18,0.00,0.00,36.59,0.00,0.00,61.07
11/6/2023 2:53:16 PM,Wheat II,60073697 WH,Normal,6B_3_Lime_O_2023_SW_Gr,,Infratec,91915904,12.52,0.00,0.00,11.06,0.00,0.00,71.41,0.00,0.00,32.69,0.00,0.00,47.99,0.00,0.00,62.53
11/6/2023 2:55:06 PM,Wheat II,60073697 WH,Normal,6B_2_Lime_O_2023_SW_Gr,,Infratec,91915904,11.10,0.00,0.00,11.47,0.00,0.00,72.71,0.00,0.00,28.57,0.00,0.00,40.86,0.00,0.00,61.69
11/6/2023 2:56:44 PM,Wheat II,60073697 WH,Normal,8A_4_Lime_N_2023_SW_Gr,,Infratec,91915904,11.02,0.00,0.00,10.90,0.00,0.00,72.48,0.00,0.00,28.66,0.00,0.00,38.97,0.00,0.00,60.47
11/6/2023 2:58:22 PM,Wheat II,60073697 WH,Normal,8A_3_Lime_O_2023_SW_Gr,,Infratec,91915904,10.07,0.00,0.00,11.09,0.00,0.00,73.42,0.00,0.00,25.75,0.00,0.00,34.50,0.00,0.00,61.58
11/6/2023 2:59:41 PM,Wheat II,60073697 WH,Normal,8A_2_Lime_O_2023_SW_Gr,,Infratec,91915904,10.78,0.00,0.00,11.56,0.00,0.00,72.65,0.00,0.00,27.12,0.00,0.00,38.25,0.00,0.00,60.73
11/6/2023 3:01:19 PM,Wheat II,60073697 WH,Normal,8A_2_Lime_N_2023_SW_Gr,,Infratec,91915904,10.42,0.00,0.00,10.67,0.00,0.00,73.18,0.00,0.00,27.37,0.00,0.00,36.08,0.00,0.00,60.19
11/6/2023 3:02:52 PM,Wheat II,60073697 WH,Normal,8A_3_Lime_N_2023_SW_Gr,,Infratec,91915904,10.91,0.00,0.00,10.68,0.00,0.00,72.70,0.00,0.00,28.27,0.00,0.00,38.73,0.00,0.00,59.83
11/6/2023 3:04:47 PM,Wheat II,60073697 WH,Normal,8A_1_Lime_N_2023_SW_Gr,,Infratec,91915904,10.49,0.00,0.00,11.09,0.00,0.00,72.70,0.00,0.00,26.89,0.00,0.00,36.25,0.00,0.00,60.72
11/6/2023 3:06:28 PM,Wheat II,60073697 WH,Normal,8A_1_Lime_O_2023_SW_Gr,,Infratec,91915904,11.34,0.00,0.00,10.63,0.00,0.00,72.47,0.00,0.00,29.42,0.00,0.00,40.04,0.00,0.00,62.03
11/6/2023 3:08:05 PM,Wheat II,60073697 WH,Normal,8A_4_Lime_O_2023_SW_Gr,,Infratec,91915904,10.31,0.00,0.00,11.02,0.00,0.00,73.07,0.00,0.00,26.02,0.00,0.00,35.44,0.00,0.00,61.51
11/6/2023 3:24:22 PM,Wheat II,60073697 WH,Normal,8B_1_Lime_O_2023_SW_Gr,,Infratec,91915904,11.26,0.00,0.00,10.94,0.00,0.00,72.32,0.00,0.00,29.07,0.00,0.00,40.14,0.00,0.00,62.86
11/6/2023 3:26:08 PM,Wheat II,60073697 WH,Normal,8B_1_Lime_N_2023_SW_Gr,,Infratec,91915904,10.84,0.00,0.00,10.88,0.00,0.00,72.89,0.00,0.00,28.23,0.00,0.00,38.06,0.00,0.00,63.10
11/6/2023 3:27:58 PM,Wheat II,60073697 WH,Normal,8B_3_Lime_O_2023_SW_Gr,,Infratec,91915904,9.25,0.00,0.00,11.39,0.00,0.00,74.07,0.00,0.00,23.95,0.00,0.00,30.40,0.00,0.00,61.46
11/6/2023 3:29:54 PM,Wheat II,60073697 WH,Normal,8B_4_Lime_O_2023_SW_Gr,,Infratec,91915904,9.98,0.00,0.00,11.33,0.00,0.00,73.68,0.00,0.00,25.66,0.00,0.00,33.88,0.00,0.00,61.80
11/6/2023 3:32:00 PM,Wheat II,60073697 WH,Normal,8B_4_Lime_N_2023_SW_Gr,,Infratec,91915904,10.55,0.00,0.00,11.41,0.00,0.00,73.12,0.00,0.00,27.16,0.00,0.00,36.62,0.00,0.00,62.12
11/6/2023 3:34:33 PM,Wheat II,60073697 WH,Normal,8B_3_Lime_N_2023_SW_Gr,,Infratec,91915904,9.07,0.00,0.00,11.63,0.00,0.00,74.05,0.00,0.00,23.59,0.00,0.00,28.28,0.00,0.00,61.92
11/6/2023 3:37:10 PM,Wheat II,60073697 WH,Normal,8B_2_Lime_O_2023_SW_Gr,,Infratec,91915904,9.30,0.00,0.00,11.05,0.00,0.00,74.04,0.00,0.00,23.48,0.00,0.00,30.89,0.00,0.00,61.72
11/6/2023 3:39:31 PM,Wheat II,60073697 WH,Normal,8B_2_Lime_N_2023_SW_Gr,,Infratec,91915904,9.68,0.00,0.00,11.10,0.00,0.00,73.68,0.00,0.00,25.16,0.00,0.00,32.40,0.00,0.00,61.80
11/6/2023 3:48:59 PM,Wheat II,60073697 WH,Normal,9B_3_Lime_O_2023_SW_Gr,,Infratec,91915904,10.55,0.00,0.00,10.91,0.00,0.00,72.61,0.00,0.00,27.50,0.00,0.00,36.64,0.00,0.00,61.29
11/6/2023 3:50:48 PM,Wheat II,60073697 WH,Normal,9B_4_Lime_O_2023_SW_Gr,,Infratec,91915904,10.45,0.00,0.00,10.98,0.00,0.00,72.95,0.00,0.00,26.85,0.00,0.00,36.95,0.00,0.00,61.22
11/6/2023 3:52:49 PM,Wheat II,60073697 WH,Normal,9B_1_Lime_O_2023_SW_Gr,,Infratec,91915904,10.84,0.00,0.00,11.22,0.00,0.00,72.35,0.00,0.00,28.07,0.00,0.00,38.49,0.00,0.00,61.40
11/6/2023 3:54:58 PM,Wheat II,60073697 WH,Normal,9B_2_Lime_O_2023_SW_Gr,,Infratec,91915904,11.23,0.00,0.00,11.11,0.00,0.00,71.98,0.00,0.00,29.60,0.00,0.00,40.76,0.00,0.00,61.73
11/6/2023 3:57:24 PM,Wheat II,60073697 WH,Normal,9B_4_Lime_N_2023_SW_Gr,,Infratec,91915904,11.16,0.00,0.00,11.03,0.00,0.00,72.00,0.00,0.00,29.34,0.00,0.00,40.96,0.00,0.00,60.66
11/6/2023 3:59:48 PM,Wheat II,60073697 WH,Normal,9B_2_Lime_N_2023_SW_Gr,,Infratec,91915904,11.09,0.00,0.00,11.00,0.00,0.00,72.15,0.00,0.00,29.42,0.00,0.00,39.65,0.00,0.00,60.63
11/6/2023 4:02:12 PM,Wheat II,60073697 WH,Normal,9B_3_Lime_N_2023_SW_Gr,,Infratec,91915904,10.98,0.00,0.00,11.39,0.00,0.00,71.93,0.00,0.00,29.03,0.00,0.00,39.49,0.00,0.00,60.97
11/6/2023 4:05:02 PM,Wheat II,60073697 WH,Normal,9B_1_Lime_N_2023_SW_Gr,,Infratec,91915904,10.17,0.00,0.00,11.36,0.00,0.00,72.32,0.00,0.00,26.77,0.00,0.00,35.38,0.00,0.00,60.43
11/6/2023 4:18:15 PM,Wheat II,60073697 WH,Normal,2A_2_Lime_O_2023_WW_Gr,,Infratec,91915904,12.64,0.00,0.00,11.39,0.00,0.00,70.79,0.00,0.00,30.42,0.00,0.00,44.99,0.00,0.00,63.43
11/6/2023 4:20:05 PM,Wheat II,60073697 WH,Normal,2A_1_Lime_O_2023_WW_Gr,,Infratec,91915904,12.09,0.00,0.00,11.15,0.00,0.00,70.68,0.00,0.00,29.57,0.00,0.00,42.03,0.00,0.00,62.47
11/6/2023 4:22:23 PM,Wheat II,60073697 WH,Normal,2A_4_Lime_O_2023_WW_Gr,,Infratec,91915904,12.52,0.00,0.00,11.20,0.00,0.00,70.76,0.00,0.00,30.04,0.00,0.00,43.85,0.00,0.00,63.83
11/6/2023 4:24:30 PM,Wheat II,60073697 WH,Normal,2A_3_Lime_O_2023_WW_Gr,,Infratec,91915904,13.14,0.00,0.00,11.52,0.00,0.00,70.19,0.00,0.00,31.60,0.00,0.00,48.97,0.00,0.00,63.68
11/6/2023 4:30:08 PM,Wheat II,60073697 WH,Normal,2A_3_Lime_N_2023_WW_Gr,,Infratec,91915904,14.10,0.00,0.00,11.32,0.00,0.00,68.48,0.00,0.00,33.64,0.00,0.00,57.18,0.00,0.00,63.80
11/6/2023 4:31:52 PM,Wheat II,60073697 WH,Normal,2A_2_Lime_N_2023_WW_Gr,,Infratec,91915904,12.48,0.00,0.00,11.27,0.00,0.00,70.49,0.00,0.00,30.45,0.00,0.00,43.14,0.00,0.00,62.97
11/6/2023 4:34:05 PM,Wheat II,60073697 WH,Normal,2A_1_Lime_N_2023_WW_Gr,,Infratec,91915904,11.58,0.00,0.00,11.53,0.00,0.00,71.62,0.00,0.00,27.83,0.00,0.00,40.47,0.00,0.00,62.96
11/6/2023 4:36:07 PM,Wheat II,60073697 WH,Normal,2A_4_Lime_N_2023_WW_Gr,,Infratec,91915904,11.67,0.00,0.00,11.13,0.00,0.00,70.74,0.00,0.00,28.54,0.00,0.00,39.80,0.00,0.00,61.48
11/6/2023 4:42:03 PM,Wheat II,60073697 WH,Normal,2B_3_Lime_O_2023_WW_Gr,,Infratec,91915904,11.55,0.00,0.00,11.28,0.00,0.00,71.69,0.00,0.00,27.80,0.00,0.00,41.09,0.00,0.00,61.88
11/6/2023 4:43:31 PM,Wheat II,60073697 WH,Normal,2B_2_Lime_O_2023_WW_Gr,,Infratec,91915904,10.88,0.00,0.00,11.39,0.00,0.00,72.68,0.00,0.00,25.21,0.00,0.00,37.92,0.00,0.00,62.92
11/6/2023 4:44:59 PM,Wheat II,60073697 WH,Normal,2B_4_Lime_O_2023_WW_Gr,,Infratec,91915904,11.71,0.00,0.00,11.30,0.00,0.00,71.48,0.00,0.00,28.71,0.00,0.00,41.38,0.00,0.00,61.24
11/6/2023 4:46:29 PM,Wheat II,60073697 WH,Normal,2B_1_Lime_O_2023_WW_Gr,,Infratec,91915904,11.03,0.00,0.00,11.77,0.00,0.00,72.45,0.00,0.00,25.65,0.00,0.00,38.62,0.00,0.00,62.47
11/6/2023 4:48:03 PM,Wheat II,60073697 WH,Normal,2B_2_Lime_N_2023_WW_Gr,,Infratec,91915904,10.03,0.00,0.00,11.31,0.00,0.00,72.87,0.00,0.00,21.86,0.00,0.00,33.64,0.00,0.00,62.02
11/6/2023 4:49:49 PM,Wheat II,60073697 WH,Normal,2B_4_Lime_N_2023_WW_Gr,,Infratec,91915904,11.49,0.00,0.00,11.22,0.00,0.00,71.56,0.00,0.00,27.82,0.00,0.00,40.35,0.00,0.00,62.05
11/6/2023 4:51:31 PM,Wheat II,60073697 WH,Normal,2B_3_Lime_N_2023_WW_Gr,,Infratec,91915904,10.84,0.00,0.00,11.16,0.00,0.00,72.17,0.00,0.00,25.51,0.00,0.00,37.39,0.00,0.00,62.00
11/6/2023 4:53:33 PM,Wheat II,60073697 WH,Normal,2B_1_Lime_N_2023_WW_Gr,,Infratec,91915904,11.25,0.00,0.00,11.25,0.00,0.00,71.90,0.00,0.00,26.86,0.00,0.00,39.53,0.00,0.00,62.07
11/6/2023 5:15:01 PM,Wheat II,60073697 WH,Normal,4A_3_Lime_O_2023_WW_Gr,,Infratec,91915904,12.06,0.00,0.00,11.33,0.00,0.00,70.90,0.00,0.00,29.45,0.00,0.00,41.75,0.00,0.00,62.14
11/6/2023 5:16:42 PM,Wheat II,60073697 WH,Normal,4A_2_Lime_O_2023_WW_Gr,,Infratec,91915904,11.66,0.00,0.00,11.34,0.00,0.00,71.31,0.00,0.00,28.24,0.00,0.00,40.90,0.00,0.00,62.57
11/6/2023 5:18:32 PM,Wheat II,60073697 WH,Normal,4A_1_Lime_O_2023_WW_Gr,,Infratec,91915904,12.85,0.00,0.00,11.54,0.00,0.00,70.12,0.00,0.00,31.67,0.00,0.00,46.79,0.00,0.00,62.65
11/6/2023 5:19:57 PM,Wheat II,60073697 WH,Normal,4A_4_Lime_O_2023_WW_Gr,,Infratec,91915904,11.35,0.00,0.00,11.07,0.00,0.00,71.66,0.00,0.00,27.51,0.00,0.00,39.76,0.00,0.00,62.41
11/6/2023 5:21:43 PM,Wheat II,60073697 WH,Normal,4A_4_Lime_N_2023_WW_Gr,,Infratec,91915904,11.42,0.00,0.00,11.31,0.00,0.00,71.55,0.00,0.00,27.83,0.00,0.00,40.65,0.00,0.00,62.21
11/6/2023 5:23:09 PM,Wheat II,60073697 WH,Normal,4A_2_Lime_N_2023_WW_Gr,,Infratec,91915904,12.78,0.00,0.00,11.52,0.00,0.00,69.99,0.00,0.00,31.44,0.00,0.00,47.29,0.00,0.00,60.77
11/6/2023 5:24:38 PM,Wheat II,60073697 WH,Normal,4A_3_Lime_N_2023_WW_Gr,,Infratec,91915904,11.70,0.00,0.00,11.34,0.00,0.00,71.40,0.00,0.00,28.70,0.00,0.00,42.37,0.00,0.00,61.74
11/6/2023 5:26:13 PM,Wheat II,60073697 WH,Normal,4A_1_Lime_N_2023_WW_Gr,,Infratec,91915904,11.81,0.00,0.00,11.29,0.00,0.00,71.23,0.00,0.00,29.04,0.00,0.00,40.70,0.00,0.00,62.24
11/6/2023 5:27:54 PM,Wheat II,60073697 WH,Normal,4B_2_Lime_N_2023_WW_Gr,,Infratec,91915904,11.75,0.00,0.00,11.00,0.00,0.00,70.72,0.00,0.00,29.35,0.00,0.00,42.73,0.00,0.00,60.96
11/6/2023 5:29:32 PM,Wheat II,60073697 WH,Normal,4B_1_Lime_O_2023_WW_Gr,,Infratec,91915904,13.08,0.00,0.00,11.35,0.00,0.00,69.33,0.00,0.00,32.63,0.00,0.00,48.93,0.00,0.00,60.00
11/6/2023 5:31:11 PM,Wheat II,60073697 WH,Normal,4B_1_Lime_N_2023_WW_Gr,,Infratec,91915904,12.00,0.00,0.00,10.95,0.00,0.00,70.37,0.00,0.00,29.76,0.00,0.00,43.52,0.00,0.00,61.93
11/6/2023 5:32:33 PM,Wheat II,60073697 WH,Normal,4B_3_Lime_O_2023_WW_Gr,,Infratec,91915904,12.71,0.00,0.00,11.21,0.00,0.00,70.19,0.00,0.00,31.53,0.00,0.00,44.81,0.00,0.00,62.78
11/6/2023 5:34:01 PM,Wheat II,60073697 WH,Normal,4B_3_Lime_N_2023_WW_Gr,,Infratec,91915904,11.26,0.00,0.00,11.44,0.00,0.00,71.99,0.00,0.00,27.24,0.00,0.00,38.31,0.00,0.00,63.33
11/6/2023 5:35:14 PM,Wheat II,60073697 WH,Normal,4B_4_Lime_N_2023_WW_Gr,,Infratec,91915904,12.80,0.00,0.00,11.09,0.00,0.00,69.07,0.00,0.00,31.92,0.00,0.00,47.06,0.00,0.00,59.24
11/6/2023 5:36:41 PM,Wheat II,60073697 WH,Normal,4B_2_Lime_O_2023_WW_Gr,,Infratec,91915904,12.53,0.00,0.00,11.20,0.00,0.00,69.83,0.00,0.00,31.25,0.00,0.00,45.61,0.00,0.00,60.76
11/6/2023 5:38:03 PM,Wheat II,60073697 WH,Normal,4B_4_Lime_O_2023_WW_Gr,,Infratec,91915904,12.65,0.00,0.00,11.04,0.00,0.00,69.81,0.00,0.00,31.81,0.00,0.00,46.46,0.00,0.00,60.53
